date,day,week,Month,Quarter,Year,yearly_week_num
7/15/2017,Sat,-73,7,3,2017,28
7/16/2017,Sun,-72,7,3,2017,29
7/17/2017,Mon,-72,7,3,2017,29
7/18/2017,Tue,-72,7,3,2017,29
7/19/2017,Wed,-72,7,3,2017,29
7/20/2017,Thu,-72,7,3,2017,29
7/21/2017,Fri,-72,7,3,2017,29
7/22/2017,Sat,-72,7,3,2017,29
7/23/2017,Sun,-71,7,3,2017,30
7/24/2017,Mon,-71,7,3,2017,30
7/25/2017,Tue,-71,7,3,2017,30
7/26/2017,Wed,-71,7,3,2017,30
7/27/2017,Thu,-71,7,3,2017,30
7/28/2017,Fri,-71,7,3,2017,30
7/29/2017,Sat,-71,7,3,2017,30
7/30/2017,Sun,-70,7,3,2017,31
7/31/2017,Mon,-70,7,3,2017,31
8/1/2017,Tue,-70,8,3,2017,31
8/2/2017,Wed,-70,8,3,2017,31
8/3/2017,Thu,-70,8,3,2017,31
8/4/2017,Fri,-70,8,3,2017,31
8/5/2017,Sat,-70,8,3,2017,31
8/6/2017,Sun,-69,8,3,2017,32
8/7/2017,Mon,-69,8,3,2017,32
8/8/2017,Tue,-69,8,3,2017,32
8/9/2017,Wed,-69,8,3,2017,32
8/10/2017,Thu,-69,8,3,2017,32
8/11/2017,Fri,-69,8,3,2017,32
8/12/2017,Sat,-69,8,3,2017,32
8/13/2017,Sun,-68,8,3,2017,33
8/14/2017,Mon,-68,8,3,2017,33
8/15/2017,Tue,-68,8,3,2017,33
8/16/2017,Wed,-68,8,3,2017,33
8/17/2017,Thu,-68,8,3,2017,33
8/18/2017,Fri,-68,8,3,2017,33
8/19/2017,Sat,-68,8,3,2017,33
8/20/2017,Sun,-67,8,3,2017,34
8/21/2017,Mon,-67,8,3,2017,34
8/22/2017,Tue,-67,8,3,2017,34
8/23/2017,Wed,-67,8,3,2017,34
8/24/2017,Thu,-67,8,3,2017,34
8/25/2017,Fri,-67,8,3,2017,34
8/26/2017,Sat,-67,8,3,2017,34
8/27/2017,Sun,-66,8,3,2017,35
8/28/2017,Mon,-66,8,3,2017,35
8/29/2017,Tue,-66,8,3,2017,35
8/30/2017,Wed,-66,8,3,2017,35
8/31/2017,Thu,-66,8,3,2017,35
9/1/2017,Fri,-66,9,3,2017,35
9/2/2017,Sat,-66,9,3,2017,35
9/3/2017,Sun,-65,9,3,2017,36
9/4/2017,Mon,-65,9,3,2017,36
9/5/2017,Tue,-65,9,3,2017,36
9/6/2017,Wed,-65,9,3,2017,36
9/7/2017,Thu,-65,9,3,2017,36
9/8/2017,Fri,-65,9,3,2017,36
9/9/2017,Sat,-65,9,3,2017,36
9/10/2017,Sun,-64,9,3,2017,37
9/11/2017,Mon,-64,9,3,2017,37
9/12/2017,Tue,-64,9,3,2017,37
9/13/2017,Wed,-64,9,3,2017,37
9/14/2017,Thu,-64,9,3,2017,37
9/15/2017,Fri,-64,9,3,2017,37
9/16/2017,Sat,-64,9,3,2017,37
9/17/2017,Sun,-63,9,3,2017,38
9/18/2017,Mon,-63,9,3,2017,38
9/19/2017,Tue,-63,9,3,2017,38
9/20/2017,Wed,-63,9,3,2017,38
9/21/2017,Thu,-63,9,3,2017,38
9/22/2017,Fri,-63,9,3,2017,38
9/23/2017,Sat,-63,9,3,2017,38
9/24/2017,Sun,-62,9,3,2017,39
9/25/2017,Mon,-62,9,3,2017,39
9/26/2017,Tue,-62,9,3,2017,39
9/27/2017,Wed,-62,9,3,2017,39
9/28/2017,Thu,-62,9,3,2017,39
9/29/2017,Fri,-62,9,3,2017,39
9/30/2017,Sat,-62,9,3,2017,39
10/1/2017,Sun,-61,10,4,2017,40
10/2/2017,Mon,-61,10,4,2017,40
10/3/2017,Tue,-61,10,4,2017,40
10/4/2017,Wed,-61,10,4,2017,40
10/5/2017,Thu,-61,10,4,2017,40
10/6/2017,Fri,-61,10,4,2017,40
10/7/2017,Sat,-61,10,4,2017,40
10/8/2017,Sun,-60,10,4,2017,41
10/9/2017,Mon,-60,10,4,2017,41
10/10/2017,Tue,-60,10,4,2017,41
10/11/2017,Wed,-60,10,4,2017,41
10/12/2017,Thu,-60,10,4,2017,41
10/13/2017,Fri,-60,10,4,2017,41
10/14/2017,Sat,-60,10,4,2017,41
10/15/2017,Sun,-59,10,4,2017,42
10/16/2017,Mon,-59,10,4,2017,42
10/17/2017,Tue,-59,10,4,2017,42
10/18/2017,Wed,-59,10,4,2017,42
10/19/2017,Thu,-59,10,4,2017,42
10/20/2017,Fri,-59,10,4,2017,42
10/21/2017,Sat,-59,10,4,2017,42
10/22/2017,Sun,-58,10,4,2017,43
10/23/2017,Mon,-58,10,4,2017,43
10/24/2017,Tue,-58,10,4,2017,43
10/25/2017,Wed,-58,10,4,2017,43
10/26/2017,Thu,-58,10,4,2017,43
10/27/2017,Fri,-58,10,4,2017,43
10/28/2017,Sat,-58,10,4,2017,43
10/29/2017,Sun,-57,10,4,2017,44
10/30/2017,Mon,-57,10,4,2017,44
10/31/2017,Tue,-57,10,4,2017,44
11/1/2017,Wed,-57,11,4,2017,44
11/2/2017,Thu,-57,11,4,2017,44
11/3/2017,Fri,-57,11,4,2017,44
11/4/2017,Sat,-57,11,4,2017,44
11/5/2017,Sun,-56,11,4,2017,45
11/6/2017,Mon,-56,11,4,2017,45
11/7/2017,Tue,-56,11,4,2017,45
11/8/2017,Wed,-56,11,4,2017,45
11/9/2017,Thu,-56,11,4,2017,45
11/10/2017,Fri,-56,11,4,2017,45
11/11/2017,Sat,-56,11,4,2017,45
11/12/2017,Sun,-55,11,4,2017,46
11/13/2017,Mon,-55,11,4,2017,46
11/14/2017,Tue,-55,11,4,2017,46
11/15/2017,Wed,-55,11,4,2017,46
11/16/2017,Thu,-55,11,4,2017,46
11/17/2017,Fri,-55,11,4,2017,46
11/18/2017,Sat,-55,11,4,2017,46
11/19/2017,Sun,-54,11,4,2017,47
11/20/2017,Mon,-54,11,4,2017,47
11/21/2017,Tue,-54,11,4,2017,47
11/22/2017,Wed,-54,11,4,2017,47
11/23/2017,Thu,-54,11,4,2017,47
11/24/2017,Fri,-54,11,4,2017,47
11/25/2017,Sat,-54,11,4,2017,47
11/26/2017,Sun,-53,11,4,2017,48
11/27/2017,Mon,-53,11,4,2017,48
11/28/2017,Tue,-53,11,4,2017,48
11/29/2017,Wed,-53,11,4,2017,48
11/30/2017,Thu,-53,11,4,2017,48
12/1/2017,Fri,-53,12,4,2017,48
12/2/2017,Sat,-53,12,4,2017,48
12/3/2017,Sun,-52,12,4,2017,49
12/4/2017,Mon,-52,12,4,2017,49
12/5/2017,Tue,-52,12,4,2017,49
12/6/2017,Wed,-52,12,4,2017,49
12/7/2017,Thu,-52,12,4,2017,49
12/8/2017,Fri,-52,12,4,2017,49
12/9/2017,Sat,-52,12,4,2017,49
12/10/2017,Sun,-51,12,4,2017,50
12/11/2017,Mon,-51,12,4,2017,50
12/12/2017,Tue,-51,12,4,2017,50
12/13/2017,Wed,-51,12,4,2017,50
12/14/2017,Thu,-51,12,4,2017,50
12/15/2017,Fri,-51,12,4,2017,50
12/16/2017,Sat,-51,12,4,2017,50
12/17/2017,Sun,-50,12,4,2017,51
12/18/2017,Mon,-50,12,4,2017,51
12/19/2017,Tue,-50,12,4,2017,51
12/20/2017,Wed,-50,12,4,2017,51
12/21/2017,Thu,-50,12,4,2017,51
12/22/2017,Fri,-50,12,4,2017,51
12/23/2017,Sat,-50,12,4,2017,51
12/24/2017,Sun,-49,12,4,2017,52
12/25/2017,Mon,-49,12,4,2017,52
12/26/2017,Tue,-49,12,4,2017,52
12/27/2017,Wed,-49,12,4,2017,52
12/28/2017,Thu,-49,12,4,2017,52
12/29/2017,Fri,-49,12,4,2017,52
12/30/2017,Sat,-49,12,4,2017,52
12/31/2017,Sun,-48,12,4,2017,1
1/1/2018,Mon,-48,1,1,2018,1
1/2/2018,Tue,-48,1,1,2018,1
1/3/2018,Wed,-48,1,1,2018,1
1/4/2018,Thu,-48,1,1,2018,1
1/5/2018,Fri,-48,1,1,2018,1
1/6/2018,Sat,-48,1,1,2018,1
1/7/2018,Sun,-47,1,1,2018,2
1/8/2018,Mon,-47,1,1,2018,2
1/9/2018,Tue,-47,1,1,2018,2
1/10/2018,Wed,-47,1,1,2018,2
1/11/2018,Thu,-47,1,1,2018,2
1/12/2018,Fri,-47,1,1,2018,2
1/13/2018,Sat,-47,1,1,2018,2
1/14/2018,Sun,-46,1,1,2018,3
1/15/2018,Mon,-46,1,1,2018,3
1/16/2018,Tue,-46,1,1,2018,3
1/17/2018,Wed,-46,1,1,2018,3
1/18/2018,Thu,-46,1,1,2018,3
1/19/2018,Fri,-46,1,1,2018,3
1/20/2018,Sat,-46,1,1,2018,3
1/21/2018,Sun,-45,1,1,2018,4
1/22/2018,Mon,-45,1,1,2018,4
1/23/2018,Tue,-45,1,1,2018,4
1/24/2018,Wed,-45,1,1,2018,4
1/25/2018,Thu,-45,1,1,2018,4
1/26/2018,Fri,-45,1,1,2018,4
1/27/2018,Sat,-45,1,1,2018,4
1/28/2018,Sun,-44,1,1,2018,5
1/29/2018,Mon,-44,1,1,2018,5
1/30/2018,Tue,-44,1,1,2018,5
1/31/2018,Wed,-44,1,1,2018,5
2/1/2018,Thu,-44,2,1,2018,5
2/2/2018,Fri,-44,2,1,2018,5
2/3/2018,Sat,-44,2,1,2018,5
2/4/2018,Sun,-43,2,1,2018,6
2/5/2018,Mon,-43,2,1,2018,6
2/6/2018,Tue,-43,2,1,2018,6
2/7/2018,Wed,-43,2,1,2018,6
2/8/2018,Thu,-43,2,1,2018,6
2/9/2018,Fri,-43,2,1,2018,6
2/10/2018,Sat,-43,2,1,2018,6
2/11/2018,Sun,-42,2,1,2018,7
2/12/2018,Mon,-42,2,1,2018,7
2/13/2018,Tue,-42,2,1,2018,7
2/14/2018,Wed,-42,2,1,2018,7
2/15/2018,Thu,-42,2,1,2018,7
2/16/2018,Fri,-42,2,1,2018,7
2/17/2018,Sat,-42,2,1,2018,7
2/18/2018,Sun,-41,2,1,2018,8
2/19/2018,Mon,-41,2,1,2018,8
2/20/2018,Tue,-41,2,1,2018,8
2/21/2018,Wed,-41,2,1,2018,8
2/22/2018,Thu,-41,2,1,2018,8
2/23/2018,Fri,-41,2,1,2018,8
2/24/2018,Sat,-41,2,1,2018,8
2/25/2018,Sun,-40,2,1,2018,9
2/26/2018,Mon,-40,2,1,2018,9
2/27/2018,Tue,-40,2,1,2018,9
2/28/2018,Wed,-40,2,1,2018,9
3/1/2018,Thu,-40,3,1,2018,9
3/2/2018,Fri,-40,3,1,2018,9
3/3/2018,Sat,-40,3,1,2018,9
3/4/2018,Sun,-39,3,1,2018,10
3/5/2018,Mon,-39,3,1,2018,10
3/6/2018,Tue,-39,3,1,2018,10
3/7/2018,Wed,-39,3,1,2018,10
3/8/2018,Thu,-39,3,1,2018,10
3/9/2018,Fri,-39,3,1,2018,10
3/10/2018,Sat,-39,3,1,2018,10
3/11/2018,Sun,-38,3,1,2018,11
3/12/2018,Mon,-38,3,1,2018,11
3/13/2018,Tue,-38,3,1,2018,11
3/14/2018,Wed,-38,3,1,2018,11
3/15/2018,Thu,-38,3,1,2018,11
3/16/2018,Fri,-38,3,1,2018,11
3/17/2018,Sat,-38,3,1,2018,11
3/18/2018,Sun,-37,3,1,2018,12
3/19/2018,Mon,-37,3,1,2018,12
3/20/2018,Tue,-37,3,1,2018,12
3/21/2018,Wed,-37,3,1,2018,12
3/22/2018,Thu,-37,3,1,2018,12
3/23/2018,Fri,-37,3,1,2018,12
3/24/2018,Sat,-37,3,1,2018,12
3/25/2018,Sun,-36,3,1,2018,13
3/26/2018,Mon,-36,3,1,2018,13
3/27/2018,Tue,-36,3,1,2018,13
3/28/2018,Wed,-36,3,1,2018,13
3/29/2018,Thu,-36,3,1,2018,13
3/30/2018,Fri,-36,3,1,2018,13
3/31/2018,Sat,-36,3,1,2018,13
4/1/2018,Sun,-35,4,2,2018,14
4/2/2018,Mon,-35,4,2,2018,14
4/3/2018,Tue,-35,4,2,2018,14
4/4/2018,Wed,-35,4,2,2018,14
4/5/2018,Thu,-35,4,2,2018,14
4/6/2018,Fri,-35,4,2,2018,14
4/7/2018,Sat,-35,4,2,2018,14
4/8/2018,Sun,-34,4,2,2018,15
4/9/2018,Mon,-34,4,2,2018,15
4/10/2018,Tue,-34,4,2,2018,15
4/11/2018,Wed,-34,4,2,2018,15
4/12/2018,Thu,-34,4,2,2018,15
4/13/2018,Fri,-34,4,2,2018,15
4/14/2018,Sat,-34,4,2,2018,15
4/15/2018,Sun,-33,4,2,2018,16
4/16/2018,Mon,-33,4,2,2018,16
4/17/2018,Tue,-33,4,2,2018,16
4/18/2018,Wed,-33,4,2,2018,16
4/19/2018,Thu,-33,4,2,2018,16
4/20/2018,Fri,-33,4,2,2018,16
4/21/2018,Sat,-33,4,2,2018,16
4/22/2018,Sun,-32,4,2,2018,17
4/23/2018,Mon,-32,4,2,2018,17
4/24/2018,Tue,-32,4,2,2018,17
4/25/2018,Wed,-32,4,2,2018,17
4/26/2018,Thu,-32,4,2,2018,17
4/27/2018,Fri,-32,4,2,2018,17
4/28/2018,Sat,-32,4,2,2018,17
4/29/2018,Sun,-31,4,2,2018,18
4/30/2018,Mon,-31,4,2,2018,18
5/1/2018,Tue,-31,5,2,2018,18
5/2/2018,Wed,-31,5,2,2018,18
5/3/2018,Thu,-31,5,2,2018,18
5/4/2018,Fri,-31,5,2,2018,18
5/5/2018,Sat,-31,5,2,2018,18
5/6/2018,Sun,-30,5,2,2018,19
5/7/2018,Mon,-30,5,2,2018,19
5/8/2018,Tue,-30,5,2,2018,19
5/9/2018,Wed,-30,5,2,2018,19
5/10/2018,Thu,-30,5,2,2018,19
5/11/2018,Fri,-30,5,2,2018,19
5/12/2018,Sat,-30,5,2,2018,19
5/13/2018,Sun,-29,5,2,2018,20
5/14/2018,Mon,-29,5,2,2018,20
5/15/2018,Tue,-29,5,2,2018,20
5/16/2018,Wed,-29,5,2,2018,20
5/17/2018,Thu,-29,5,2,2018,20
5/18/2018,Fri,-29,5,2,2018,20
5/19/2018,Sat,-29,5,2,2018,20
5/20/2018,Sun,-28,5,2,2018,21
5/21/2018,Mon,-28,5,2,2018,21
5/22/2018,Tue,-28,5,2,2018,21
5/23/2018,Wed,-28,5,2,2018,21
5/24/2018,Thu,-28,5,2,2018,21
5/25/2018,Fri,-28,5,2,2018,21
5/26/2018,Sat,-28,5,2,2018,21
5/27/2018,Sun,-27,5,2,2018,22
5/28/2018,Mon,-27,5,2,2018,22
5/29/2018,Tue,-27,5,2,2018,22
5/30/2018,Wed,-27,5,2,2018,22
5/31/2018,Thu,-27,5,2,2018,22
6/1/2018,Fri,-27,6,2,2018,22
6/2/2018,Sat,-27,6,2,2018,22
6/3/2018,Sun,-26,6,2,2018,23
6/4/2018,Mon,-26,6,2,2018,23
6/5/2018,Tue,-26,6,2,2018,23
6/6/2018,Wed,-26,6,2,2018,23
6/7/2018,Thu,-26,6,2,2018,23
6/8/2018,Fri,-26,6,2,2018,23
6/9/2018,Sat,-26,6,2,2018,23
6/10/2018,Sun,-25,6,2,2018,24
6/11/2018,Mon,-25,6,2,2018,24
6/12/2018,Tue,-25,6,2,2018,24
6/13/2018,Wed,-25,6,2,2018,24
6/14/2018,Thu,-25,6,2,2018,24
6/15/2018,Fri,-25,6,2,2018,24
6/16/2018,Sat,-25,6,2,2018,24
6/17/2018,Sun,-24,6,2,2018,25
6/18/2018,Mon,-24,6,2,2018,25
6/19/2018,Tue,-24,6,2,2018,25
6/20/2018,Wed,-24,6,2,2018,25
6/21/2018,Thu,-24,6,2,2018,25
6/22/2018,Fri,-24,6,2,2018,25
6/23/2018,Sat,-24,6,2,2018,25
6/24/2018,Sun,-23,6,2,2018,26
6/25/2018,Mon,-23,6,2,2018,26
6/26/2018,Tue,-23,6,2,2018,26
6/27/2018,Wed,-23,6,2,2018,26
6/28/2018,Thu,-23,6,2,2018,26
6/29/2018,Fri,-23,6,2,2018,26
6/30/2018,Sat,-23,6,2,2018,26
7/1/2018,Sun,-22,7,3,2018,27
7/2/2018,Mon,-22,7,3,2018,27
7/3/2018,Tue,-22,7,3,2018,27
7/4/2018,Wed,-22,7,3,2018,27
7/5/2018,Thu,-22,7,3,2018,27
7/6/2018,Fri,-22,7,3,2018,27
7/7/2018,Sat,-22,7,3,2018,27
7/8/2018,Sun,-21,7,3,2018,28
7/9/2018,Mon,-21,7,3,2018,28
7/10/2018,Tue,-21,7,3,2018,28
7/11/2018,Wed,-21,7,3,2018,28
7/12/2018,Thu,-21,7,3,2018,28
7/13/2018,Fri,-21,7,3,2018,28
7/14/2018,Sat,-21,7,3,2018,28
7/15/2018,Sun,-20,7,3,2018,29
7/16/2018,Mon,-20,7,3,2018,29
7/17/2018,Tue,-20,7,3,2018,29
7/18/2018,Wed,-20,7,3,2018,29
7/19/2018,Thu,-20,7,3,2018,29
7/20/2018,Fri,-20,7,3,2018,29
7/21/2018,Sat,-20,7,3,2018,29
7/22/2018,Sun,-19,7,3,2018,30
7/23/2018,Mon,-19,7,3,2018,30
7/24/2018,Tue,-19,7,3,2018,30
7/25/2018,Wed,-19,7,3,2018,30
7/26/2018,Thu,-19,7,3,2018,30
7/27/2018,Fri,-19,7,3,2018,30
7/28/2018,Sat,-19,7,3,2018,30
7/29/2018,Sun,-18,7,3,2018,31
7/30/2018,Mon,-18,7,3,2018,31
7/31/2018,Tue,-18,7,3,2018,31
8/1/2018,Wed,-18,8,3,2018,31
8/2/2018,Thu,-18,8,3,2018,31
8/3/2018,Fri,-18,8,3,2018,31
8/4/2018,Sat,-18,8,3,2018,31
8/5/2018,Sun,-17,8,3,2018,32
8/6/2018,Mon,-17,8,3,2018,32
8/7/2018,Tue,-17,8,3,2018,32
8/8/2018,Wed,-17,8,3,2018,32
8/9/2018,Thu,-17,8,3,2018,32
8/10/2018,Fri,-17,8,3,2018,32
8/11/2018,Sat,-17,8,3,2018,32
8/12/2018,Sun,-16,8,3,2018,33
8/13/2018,Mon,-16,8,3,2018,33
8/14/2018,Tue,-16,8,3,2018,33
8/15/2018,Wed,-16,8,3,2018,33
8/16/2018,Thu,-16,8,3,2018,33
8/17/2018,Fri,-16,8,3,2018,33
8/18/2018,Sat,-16,8,3,2018,33
8/19/2018,Sun,-15,8,3,2018,34
8/20/2018,Mon,-15,8,3,2018,34
8/21/2018,Tue,-15,8,3,2018,34
8/22/2018,Wed,-15,8,3,2018,34
8/23/2018,Thu,-15,8,3,2018,34
8/24/2018,Fri,-15,8,3,2018,34
8/25/2018,Sat,-15,8,3,2018,34
8/26/2018,Sun,-14,8,3,2018,35
8/27/2018,Mon,-14,8,3,2018,35
8/28/2018,Tue,-14,8,3,2018,35
8/29/2018,Wed,-14,8,3,2018,35
8/30/2018,Thu,-14,8,3,2018,35
8/31/2018,Fri,-14,8,3,2018,35
9/1/2018,Sat,-14,9,3,2018,35
9/2/2018,Sun,-13,9,3,2018,36
9/3/2018,Mon,-13,9,3,2018,36
9/4/2018,Tue,-13,9,3,2018,36
9/5/2018,Wed,-13,9,3,2018,36
9/6/2018,Thu,-13,9,3,2018,36
9/7/2018,Fri,-13,9,3,2018,36
9/8/2018,Sat,-13,9,3,2018,36
9/9/2018,Sun,-12,9,3,2018,37
9/10/2018,Mon,-12,9,3,2018,37
9/11/2018,Tue,-12,9,3,2018,37
9/12/2018,Wed,-12,9,3,2018,37
9/13/2018,Thu,-12,9,3,2018,37
9/14/2018,Fri,-12,9,3,2018,37
9/15/2018,Sat,-12,9,3,2018,37
9/16/2018,Sun,-11,9,3,2018,38
9/17/2018,Mon,-11,9,3,2018,38
9/18/2018,Tue,-11,9,3,2018,38
9/19/2018,Wed,-11,9,3,2018,38
9/20/2018,Thu,-11,9,3,2018,38
9/21/2018,Fri,-11,9,3,2018,38
9/22/2018,Sat,-11,9,3,2018,38
9/23/2018,Sun,-10,9,3,2018,39
9/24/2018,Mon,-10,9,3,2018,39
9/25/2018,Tue,-10,9,3,2018,39
9/26/2018,Wed,-10,9,3,2018,39
9/27/2018,Thu,-10,9,3,2018,39
9/28/2018,Fri,-10,9,3,2018,39
9/29/2018,Sat,-10,9,3,2018,39
9/30/2018,Sun,-9,9,3,2018,40
10/1/2018,Mon,-9,10,4,2018,40
10/2/2018,Tue,-9,10,4,2018,40
10/3/2018,Wed,-9,10,4,2018,40
10/4/2018,Thu,-9,10,4,2018,40
10/5/2018,Fri,-9,10,4,2018,40
10/6/2018,Sat,-9,10,4,2018,40
10/7/2018,Sun,-8,10,4,2018,41
10/8/2018,Mon,-8,10,4,2018,41
10/9/2018,Tue,-8,10,4,2018,41
10/10/2018,Wed,-8,10,4,2018,41
10/11/2018,Thu,-8,10,4,2018,41
10/12/2018,Fri,-8,10,4,2018,41
10/13/2018,Sat,-8,10,4,2018,41
10/14/2018,Sun,-7,10,4,2018,42
10/15/2018,Mon,-7,10,4,2018,42
10/16/2018,Tue,-7,10,4,2018,42
10/17/2018,Wed,-7,10,4,2018,42
10/18/2018,Thu,-7,10,4,2018,42
10/19/2018,Fri,-7,10,4,2018,42
10/20/2018,Sat,-7,10,4,2018,42
10/21/2018,Sun,-6,10,4,2018,43
10/22/2018,Mon,-6,10,4,2018,43
10/23/2018,Tue,-6,10,4,2018,43
10/24/2018,Wed,-6,10,4,2018,43
10/25/2018,Thu,-6,10,4,2018,43
10/26/2018,Fri,-6,10,4,2018,43
10/27/2018,Sat,-6,10,4,2018,43
10/28/2018,Sun,-5,10,4,2018,44
10/29/2018,Mon,-5,10,4,2018,44
10/30/2018,Tue,-5,10,4,2018,44
10/31/2018,Wed,-5,10,4,2018,44
11/1/2018,Thu,-5,11,4,2018,44
11/2/2018,Fri,-5,11,4,2018,44
11/3/2018,Sat,-5,11,4,2018,44
11/4/2018,Sun,-4,11,4,2018,45
11/5/2018,Mon,-4,11,4,2018,45
11/6/2018,Tue,-4,11,4,2018,45
11/7/2018,Wed,-4,11,4,2018,45
11/8/2018,Thu,-4,11,4,2018,45
11/9/2018,Fri,-4,11,4,2018,45
11/10/2018,Sat,-4,11,4,2018,45
11/11/2018,Sun,-3,11,4,2018,46
11/12/2018,Mon,-3,11,4,2018,46
11/13/2018,Tue,-3,11,4,2018,46
11/14/2018,Wed,-3,11,4,2018,46
11/15/2018,Thu,-3,11,4,2018,46
11/16/2018,Fri,-3,11,4,2018,46
11/17/2018,Sat,-3,11,4,2018,46
11/18/2018,Sun,-2,11,4,2018,47
11/19/2018,Mon,-2,11,4,2018,47
11/20/2018,Tue,-2,11,4,2018,47
11/21/2018,Wed,-2,11,4,2018,47
11/22/2018,Thu,-2,11,4,2018,47
11/23/2018,Fri,-2,11,4,2018,47
11/24/2018,Sat,-2,11,4,2018,47
11/25/2018,Sun,-1,11,4,2018,48
11/26/2018,Mon,-1,11,4,2018,48
11/27/2018,Tue,-1,11,4,2018,48
11/28/2018,Wed,-1,11,4,2018,48
11/29/2018,Thu,-1,11,4,2018,48
11/30/2018,Fri,-1,11,4,2018,48
12/1/2018,Sat,-1,12,4,2018,48
12/2/2018,Sun,0,12,4,2018,49
12/3/2018,Mon,0,12,4,2018,49
12/4/2018,Tue,0,12,4,2018,49
12/5/2018,Wed,0,12,4,2018,49
12/6/2018,Thu,0,12,4,2018,49
12/7/2018,Fri,0,12,4,2018,49
12/8/2018,Sat,0,12,4,2018,49
12/9/2018,Sun,1,12,4,2018,50
12/10/2018,Mon,1,12,4,2018,50
12/11/2018,Tue,1,12,4,2018,50
12/12/2018,Wed,1,12,4,2018,50
12/13/2018,Thu,1,12,4,2018,50
12/14/2018,Fri,1,12,4,2018,50
12/15/2018,Sat,1,12,4,2018,50
12/16/2018,Sun,2,12,4,2018,51
12/17/2018,Mon,2,12,4,2018,51
12/18/2018,Tue,2,12,4,2018,51
12/19/2018,Wed,2,12,4,2018,51
12/20/2018,Thu,2,12,4,2018,51
12/21/2018,Fri,2,12,4,2018,51
12/22/2018,Sat,2,12,4,2018,51
12/23/2018,Sun,3,12,4,2018,52
12/24/2018,Mon,3,12,4,2018,52
12/25/2018,Tue,3,12,4,2018,52
12/26/2018,Wed,3,12,4,2018,52
12/27/2018,Thu,3,12,4,2018,52
12/28/2018,Fri,3,12,4,2018,52
12/29/2018,Sat,3,12,4,2018,52
12/30/2018,Sun,4,12,4,2018,1
12/31/2018,Mon,4,12,4,2018,1
1/1/2019,Tue,4,1,1,2019,1
1/2/2019,Wed,4,1,1,2019,1
1/3/2019,Thu,4,1,1,2019,1
1/4/2019,Fri,4,1,1,2019,1
1/5/2019,Sat,4,1,1,2019,1
1/6/2019,Sun,5,1,1,2019,2
1/7/2019,Mon,5,1,1,2019,2
1/8/2019,Tue,5,1,1,2019,2
1/9/2019,Wed,5,1,1,2019,2
1/10/2019,Thu,5,1,1,2019,2
1/11/2019,Fri,5,1,1,2019,2
1/12/2019,Sat,5,1,1,2019,2
1/13/2019,Sun,6,1,1,2019,3
1/14/2019,Mon,6,1,1,2019,3
1/15/2019,Tue,6,1,1,2019,3
1/16/2019,Wed,6,1,1,2019,3
1/17/2019,Thu,6,1,1,2019,3
1/18/2019,Fri,6,1,1,2019,3
1/19/2019,Sat,6,1,1,2019,3
1/20/2019,Sun,7,1,1,2019,4
1/21/2019,Mon,7,1,1,2019,4
1/22/2019,Tue,7,1,1,2019,4
1/23/2019,Wed,7,1,1,2019,4
1/24/2019,Thu,7,1,1,2019,4
1/25/2019,Fri,7,1,1,2019,4
1/26/2019,Sat,7,1,1,2019,4
1/27/2019,Sun,8,1,1,2019,5
1/28/2019,Mon,8,1,1,2019,5
1/29/2019,Tue,8,1,1,2019,5
1/30/2019,Wed,8,1,1,2019,5
1/31/2019,Thu,8,1,1,2019,5
2/1/2019,Fri,8,2,1,2019,5
2/2/2019,Sat,8,2,1,2019,5
2/3/2019,Sun,9,2,1,2019,6
2/4/2019,Mon,9,2,1,2019,6
2/5/2019,Tue,9,2,1,2019,6
2/6/2019,Wed,9,2,1,2019,6
2/7/2019,Thu,9,2,1,2019,6
2/8/2019,Fri,9,2,1,2019,6
2/9/2019,Sat,9,2,1,2019,6
2/10/2019,Sun,10,2,1,2019,7
2/11/2019,Mon,10,2,1,2019,7
2/12/2019,Tue,10,2,1,2019,7
2/13/2019,Wed,10,2,1,2019,7
2/14/2019,Thu,10,2,1,2019,7
2/15/2019,Fri,10,2,1,2019,7
2/16/2019,Sat,10,2,1,2019,7
2/17/2019,Sun,11,2,1,2019,8
2/18/2019,Mon,11,2,1,2019,8
2/19/2019,Tue,11,2,1,2019,8
2/20/2019,Wed,11,2,1,2019,8
2/21/2019,Thu,11,2,1,2019,8
2/22/2019,Fri,11,2,1,2019,8
2/23/2019,Sat,11,2,1,2019,8
2/24/2019,Sun,12,2,1,2019,9
2/25/2019,Mon,12,2,1,2019,9
2/26/2019,Tue,12,2,1,2019,9
2/27/2019,Wed,12,2,1,2019,9
2/28/2019,Thu,12,2,1,2019,9
3/1/2019,Fri,12,3,1,2019,9
3/2/2019,Sat,12,3,1,2019,9
3/3/2019,Sun,13,3,1,2019,10
3/4/2019,Mon,13,3,1,2019,10
3/5/2019,Tue,13,3,1,2019,10
3/6/2019,Wed,13,3,1,2019,10
3/7/2019,Thu,13,3,1,2019,10
3/8/2019,Fri,13,3,1,2019,10
3/9/2019,Sat,13,3,1,2019,10
3/10/2019,Sun,14,3,1,2019,11
3/11/2019,Mon,14,3,1,2019,11
3/12/2019,Tue,14,3,1,2019,11
3/13/2019,Wed,14,3,1,2019,11
3/14/2019,Thu,14,3,1,2019,11
3/15/2019,Fri,14,3,1,2019,11
3/16/2019,Sat,14,3,1,2019,11
3/17/2019,Sun,15,3,1,2019,12
3/18/2019,Mon,15,3,1,2019,12
3/19/2019,Tue,15,3,1,2019,12
3/20/2019,Wed,15,3,1,2019,12
3/21/2019,Thu,15,3,1,2019,12
3/22/2019,Fri,15,3,1,2019,12
3/23/2019,Sat,15,3,1,2019,12
3/24/2019,Sun,16,3,1,2019,13
3/25/2019,Mon,16,3,1,2019,13
3/26/2019,Tue,16,3,1,2019,13
3/27/2019,Wed,16,3,1,2019,13
3/28/2019,Thu,16,3,1,2019,13
3/29/2019,Fri,16,3,1,2019,13
3/30/2019,Sat,16,3,1,2019,13
3/31/2019,Sun,17,3,1,2019,14
4/1/2019,Mon,17,4,2,2019,14
4/2/2019,Tue,17,4,2,2019,14
4/3/2019,Wed,17,4,2,2019,14
4/4/2019,Thu,17,4,2,2019,14
4/5/2019,Fri,17,4,2,2019,14
4/6/2019,Sat,17,4,2,2019,14
4/7/2019,Sun,18,4,2,2019,15
4/8/2019,Mon,18,4,2,2019,15
4/9/2019,Tue,18,4,2,2019,15
4/10/2019,Wed,18,4,2,2019,15
4/11/2019,Thu,18,4,2,2019,15
4/12/2019,Fri,18,4,2,2019,15
4/13/2019,Sat,18,4,2,2019,15
4/14/2019,Sun,19,4,2,2019,16
4/15/2019,Mon,19,4,2,2019,16
4/16/2019,Tue,19,4,2,2019,16
4/17/2019,Wed,19,4,2,2019,16
4/18/2019,Thu,19,4,2,2019,16
4/19/2019,Fri,19,4,2,2019,16
4/20/2019,Sat,19,4,2,2019,16
4/21/2019,Sun,20,4,2,2019,17
4/22/2019,Mon,20,4,2,2019,17
4/23/2019,Tue,20,4,2,2019,17
4/24/2019,Wed,20,4,2,2019,17
4/25/2019,Thu,20,4,2,2019,17
4/26/2019,Fri,20,4,2,2019,17
4/27/2019,Sat,20,4,2,2019,17
4/28/2019,Sun,21,4,2,2019,18
4/29/2019,Mon,21,4,2,2019,18
4/30/2019,Tue,21,4,2,2019,18
5/1/2019,Wed,21,5,2,2019,18
5/2/2019,Thu,21,5,2,2019,18
5/3/2019,Fri,21,5,2,2019,18
5/4/2019,Sat,21,5,2,2019,18
5/5/2019,Sun,22,5,2,2019,19
5/6/2019,Mon,22,5,2,2019,19
5/7/2019,Tue,22,5,2,2019,19
5/8/2019,Wed,22,5,2,2019,19
5/9/2019,Thu,22,5,2,2019,19
5/10/2019,Fri,22,5,2,2019,19
5/11/2019,Sat,22,5,2,2019,19
5/12/2019,Sun,23,5,2,2019,20
5/13/2019,Mon,23,5,2,2019,20
5/14/2019,Tue,23,5,2,2019,20
5/15/2019,Wed,23,5,2,2019,20
5/16/2019,Thu,23,5,2,2019,20
5/17/2019,Fri,23,5,2,2019,20
5/18/2019,Sat,23,5,2,2019,20
5/19/2019,Sun,24,5,2,2019,21
5/20/2019,Mon,24,5,2,2019,21
5/21/2019,Tue,24,5,2,2019,21
5/22/2019,Wed,24,5,2,2019,21
5/23/2019,Thu,24,5,2,2019,21
5/24/2019,Fri,24,5,2,2019,21
5/25/2019,Sat,24,5,2,2019,21
5/26/2019,Sun,25,5,2,2019,22
5/27/2019,Mon,25,5,2,2019,22
5/28/2019,Tue,25,5,2,2019,22
5/29/2019,Wed,25,5,2,2019,22
5/30/2019,Thu,25,5,2,2019,22
5/31/2019,Fri,25,5,2,2019,22
6/1/2019,Sat,25,6,2,2019,22
6/2/2019,Sun,26,6,2,2019,23
6/3/2019,Mon,26,6,2,2019,23
6/4/2019,Tue,26,6,2,2019,23
6/5/2019,Wed,26,6,2,2019,23
6/6/2019,Thu,26,6,2,2019,23
6/7/2019,Fri,26,6,2,2019,23
6/8/2019,Sat,26,6,2,2019,23
6/9/2019,Sun,27,6,2,2019,24
6/10/2019,Mon,27,6,2,2019,24
6/11/2019,Tue,27,6,2,2019,24
6/12/2019,Wed,27,6,2,2019,24
6/13/2019,Thu,27,6,2,2019,24
6/14/2019,Fri,27,6,2,2019,24
6/15/2019,Sat,27,6,2,2019,24
6/16/2019,Sun,28,6,2,2019,25
6/17/2019,Mon,28,6,2,2019,25
6/18/2019,Tue,28,6,2,2019,25
6/19/2019,Wed,28,6,2,2019,25
6/20/2019,Thu,28,6,2,2019,25
6/21/2019,Fri,28,6,2,2019,25
6/22/2019,Sat,28,6,2,2019,25
6/23/2019,Sun,29,6,2,2019,26
6/24/2019,Mon,29,6,2,2019,26
6/25/2019,Tue,29,6,2,2019,26
6/26/2019,Wed,29,6,2,2019,26
6/27/2019,Thu,29,6,2,2019,26
6/28/2019,Fri,29,6,2,2019,26
6/29/2019,Sat,29,6,2,2019,26
6/30/2019,Sun,30,6,2,2019,27
7/1/2019,Mon,30,7,3,2019,27
7/2/2019,Tue,30,7,3,2019,27
7/3/2019,Wed,30,7,3,2019,27
7/4/2019,Thu,30,7,3,2019,27
7/5/2019,Fri,30,7,3,2019,27
7/6/2019,Sat,30,7,3,2019,27
7/7/2019,Sun,31,7,3,2019,28
7/8/2019,Mon,31,7,3,2019,28
7/9/2019,Tue,31,7,3,2019,28
7/10/2019,Wed,31,7,3,2019,28
7/11/2019,Thu,31,7,3,2019,28
7/12/2019,Fri,31,7,3,2019,28
7/13/2019,Sat,31,7,3,2019,28
7/14/2019,Sun,32,7,3,2019,29
7/15/2019,Mon,32,7,3,2019,29
7/16/2019,Tue,32,7,3,2019,29
7/17/2019,Wed,32,7,3,2019,29
7/18/2019,Thu,32,7,3,2019,29
7/19/2019,Fri,32,7,3,2019,29
7/20/2019,Sat,32,7,3,2019,29
7/21/2019,Sun,33,7,3,2019,30
7/22/2019,Mon,33,7,3,2019,30
7/23/2019,Tue,33,7,3,2019,30
7/24/2019,Wed,33,7,3,2019,30
7/25/2019,Thu,33,7,3,2019,30
7/26/2019,Fri,33,7,3,2019,30
7/27/2019,Sat,33,7,3,2019,30
7/28/2019,Sun,34,7,3,2019,31
7/29/2019,Mon,34,7,3,2019,31
7/30/2019,Tue,34,7,3,2019,31
7/31/2019,Wed,34,7,3,2019,31
8/1/2019,Thu,34,8,3,2019,31
8/2/2019,Fri,34,8,3,2019,31
8/3/2019,Sat,34,8,3,2019,31
8/4/2019,Sun,35,8,3,2019,32
8/5/2019,Mon,35,8,3,2019,32
8/6/2019,Tue,35,8,3,2019,32
8/7/2019,Wed,35,8,3,2019,32
8/8/2019,Thu,35,8,3,2019,32
8/9/2019,Fri,35,8,3,2019,32
8/10/2019,Sat,35,8,3,2019,32
8/11/2019,Sun,36,8,3,2019,33
8/12/2019,Mon,36,8,3,2019,33
8/13/2019,Tue,36,8,3,2019,33
8/14/2019,Wed,36,8,3,2019,33
8/15/2019,Thu,36,8,3,2019,33
8/16/2019,Fri,36,8,3,2019,33
8/17/2019,Sat,36,8,3,2019,33
8/18/2019,Sun,37,8,3,2019,34
8/19/2019,Mon,37,8,3,2019,34
8/20/2019,Tue,37,8,3,2019,34
8/21/2019,Wed,37,8,3,2019,34
8/22/2019,Thu,37,8,3,2019,34
8/23/2019,Fri,37,8,3,2019,34
8/24/2019,Sat,37,8,3,2019,34
8/25/2019,Sun,38,8,3,2019,35
8/26/2019,Mon,38,8,3,2019,35
8/27/2019,Tue,38,8,3,2019,35
8/28/2019,Wed,38,8,3,2019,35
8/29/2019,Thu,38,8,3,2019,35
8/30/2019,Fri,38,8,3,2019,35
8/31/2019,Sat,38,8,3,2019,35
9/1/2019,Sun,39,9,3,2019,36
9/2/2019,Mon,39,9,3,2019,36
9/3/2019,Tue,39,9,3,2019,36
9/4/2019,Wed,39,9,3,2019,36
9/5/2019,Thu,39,9,3,2019,36
9/6/2019,Fri,39,9,3,2019,36
9/7/2019,Sat,39,9,3,2019,36
9/8/2019,Sun,40,9,3,2019,37
9/9/2019,Mon,40,9,3,2019,37
9/10/2019,Tue,40,9,3,2019,37
9/11/2019,Wed,40,9,3,2019,37
9/12/2019,Thu,40,9,3,2019,37
9/13/2019,Fri,40,9,3,2019,37
9/14/2019,Sat,40,9,3,2019,37
9/15/2019,Sun,41,9,3,2019,38
9/16/2019,Mon,41,9,3,2019,38
9/17/2019,Tue,41,9,3,2019,38
9/18/2019,Wed,41,9,3,2019,38
9/19/2019,Thu,41,9,3,2019,38
9/20/2019,Fri,41,9,3,2019,38
9/21/2019,Sat,41,9,3,2019,38
9/22/2019,Sun,42,9,3,2019,39
9/23/2019,Mon,42,9,3,2019,39
9/24/2019,Tue,42,9,3,2019,39
9/25/2019,Wed,42,9,3,2019,39
9/26/2019,Thu,42,9,3,2019,39
9/27/2019,Fri,42,9,3,2019,39
9/28/2019,Sat,42,9,3,2019,39
9/29/2019,Sun,43,9,3,2019,40
9/30/2019,Mon,43,9,3,2019,40
10/1/2019,Tue,43,10,4,2019,40
10/2/2019,Wed,43,10,4,2019,40
10/3/2019,Thu,43,10,4,2019,40
10/4/2019,Fri,43,10,4,2019,40
10/5/2019,Sat,43,10,4,2019,40
10/6/2019,Sun,44,10,4,2019,41
10/7/2019,Mon,44,10,4,2019,41
10/8/2019,Tue,44,10,4,2019,41
10/9/2019,Wed,44,10,4,2019,41
10/10/2019,Thu,44,10,4,2019,41
10/11/2019,Fri,44,10,4,2019,41
10/12/2019,Sat,44,10,4,2019,41
10/13/2019,Sun,45,10,4,2019,42
10/14/2019,Mon,45,10,4,2019,42
10/15/2019,Tue,45,10,4,2019,42
10/16/2019,Wed,45,10,4,2019,42
10/17/2019,Thu,45,10,4,2019,42
10/18/2019,Fri,45,10,4,2019,42
10/19/2019,Sat,45,10,4,2019,42
10/20/2019,Sun,46,10,4,2019,43
10/21/2019,Mon,46,10,4,2019,43
10/22/2019,Tue,46,10,4,2019,43
10/23/2019,Wed,46,10,4,2019,43
10/24/2019,Thu,46,10,4,2019,43
10/25/2019,Fri,46,10,4,2019,43
10/26/2019,Sat,46,10,4,2019,43
10/27/2019,Sun,47,10,4,2019,44
10/28/2019,Mon,47,10,4,2019,44
10/29/2019,Tue,47,10,4,2019,44
10/30/2019,Wed,47,10,4,2019,44
10/31/2019,Thu,47,10,4,2019,44
11/1/2019,Fri,47,11,4,2019,44
11/2/2019,Sat,47,11,4,2019,44
11/3/2019,Sun,48,11,4,2019,45
11/4/2019,Mon,48,11,4,2019,45
11/5/2019,Tue,48,11,4,2019,45
11/6/2019,Wed,48,11,4,2019,45
11/7/2019,Thu,48,11,4,2019,45
11/8/2019,Fri,48,11,4,2019,45
11/9/2019,Sat,48,11,4,2019,45
11/10/2019,Sun,49,11,4,2019,46
11/11/2019,Mon,49,11,4,2019,46
11/12/2019,Tue,49,11,4,2019,46
11/13/2019,Wed,49,11,4,2019,46
11/14/2019,Thu,49,11,4,2019,46
11/15/2019,Fri,49,11,4,2019,46
11/16/2019,Sat,49,11,4,2019,46
11/17/2019,Sun,50,11,4,2019,47
11/18/2019,Mon,50,11,4,2019,47
11/19/2019,Tue,50,11,4,2019,47
11/20/2019,Wed,50,11,4,2019,47
11/21/2019,Thu,50,11,4,2019,47
11/22/2019,Fri,50,11,4,2019,47
11/23/2019,Sat,50,11,4,2019,47
11/24/2019,Sun,51,11,4,2019,48
11/25/2019,Mon,51,11,4,2019,48
11/26/2019,Tue,51,11,4,2019,48
11/27/2019,Wed,51,11,4,2019,48
11/28/2019,Thu,51,11,4,2019,48
11/29/2019,Fri,51,11,4,2019,48
11/30/2019,Sat,51,11,4,2019,48
12/1/2019,Sun,52,12,4,2019,49
12/2/2019,Mon,52,12,4,2019,49
12/3/2019,Tue,52,12,4,2019,49
12/4/2019,Wed,52,12,4,2019,49
12/5/2019,Thu,52,12,4,2019,49
12/6/2019,Fri,52,12,4,2019,49
12/7/2019,Sat,52,12,4,2019,49
12/8/2019,Sun,53,12,4,2019,50
12/9/2019,Mon,53,12,4,2019,50
12/10/2019,Tue,53,12,4,2019,50
12/11/2019,Wed,53,12,4,2019,50
12/12/2019,Thu,53,12,4,2019,50
12/13/2019,Fri,53,12,4,2019,50
12/14/2019,Sat,53,12,4,2019,50
12/15/2019,Sun,54,12,4,2019,51
12/16/2019,Mon,54,12,4,2019,51
12/17/2019,Tue,54,12,4,2019,51
12/18/2019,Wed,54,12,4,2019,51
12/19/2019,Thu,54,12,4,2019,51
12/20/2019,Fri,54,12,4,2019,51
12/21/2019,Sat,54,12,4,2019,51
12/22/2019,Sun,55,12,4,2019,52
12/23/2019,Mon,55,12,4,2019,52
12/24/2019,Tue,55,12,4,2019,52
12/25/2019,Wed,55,12,4,2019,52
12/26/2019,Thu,55,12,4,2019,52
12/27/2019,Fri,55,12,4,2019,52
12/28/2019,Sat,55,12,4,2019,52
12/29/2019,Sun,56,1,1,2020,1
12/30/2019,Mon,56,1,1,2020,1
12/31/2019,Tue,56,1,1,2020,1
1/1/2020,Wed,56,1,1,2020,1
1/2/2020,Thu,56,1,1,2020,1
1/3/2020,Fri,56,1,1,2020,1
1/4/2020,Sat,56,1,1,2020,1
1/5/2020,Sun,57,1,1,2020,2
1/6/2020,Mon,57,1,1,2020,2
1/7/2020,Tue,57,1,1,2020,2
1/8/2020,Wed,57,1,1,2020,2
1/9/2020,Thu,57,1,1,2020,2
1/10/2020,Fri,57,1,1,2020,2
1/11/2020,Sat,57,1,1,2020,2
1/12/2020,Sun,58,1,1,2020,3
1/13/2020,Mon,58,1,1,2020,3
1/14/2020,Tue,58,1,1,2020,3
1/15/2020,Wed,58,1,1,2020,3
1/16/2020,Thu,58,1,1,2020,3
1/17/2020,Fri,58,1,1,2020,3
1/18/2020,Sat,58,1,1,2020,3
1/19/2020,Sun,59,1,1,2020,4
1/20/2020,Mon,59,1,1,2020,4
1/21/2020,Tue,59,1,1,2020,4
1/22/2020,Wed,59,1,1,2020,4
1/23/2020,Thu,59,1,1,2020,4
1/24/2020,Fri,59,1,1,2020,4
1/25/2020,Sat,59,1,1,2020,4
1/26/2020,Sun,60,2,1,2020,5
1/27/2020,Mon,60,2,1,2020,5
1/28/2020,Tue,60,2,1,2020,5
1/29/2020,Wed,60,2,1,2020,5
1/30/2020,Thu,60,2,1,2020,5
1/31/2020,Fri,60,2,1,2020,5
2/1/2020,Sat,60,2,1,2020,5
2/2/2020,Sun,61,2,1,2020,6
2/3/2020,Mon,61,2,1,2020,6
2/4/2020,Tue,61,2,1,2020,6
2/5/2020,Wed,61,2,1,2020,6
2/6/2020,Thu,61,2,1,2020,6
2/7/2020,Fri,61,2,1,2020,6
2/8/2020,Sat,61,2,1,2020,6
2/9/2020,Sun,62,2,1,2020,7
2/10/2020,Mon,62,2,1,2020,7
2/11/2020,Tue,62,2,1,2020,7
2/12/2020,Wed,62,2,1,2020,7
2/13/2020,Thu,62,2,1,2020,7
2/14/2020,Fri,62,2,1,2020,7
2/15/2020,Sat,62,2,1,2020,7
2/16/2020,Sun,63,2,1,2020,8
2/17/2020,Mon,63,2,1,2020,8
2/18/2020,Tue,63,2,1,2020,8
2/19/2020,Wed,63,2,1,2020,8
2/20/2020,Thu,63,2,1,2020,8
2/21/2020,Fri,63,2,1,2020,8
2/22/2020,Sat,63,2,1,2020,8
2/23/2020,Sun,64,2,1,2020,9
2/24/2020,Mon,64,2,1,2020,9
2/25/2020,Tue,64,2,1,2020,9
2/26/2020,Wed,64,2,1,2020,9
2/27/2020,Thu,64,2,1,2020,9
2/28/2020,Fri,64,2,1,2020,9
2/29/2020,Sat,64,2,1,2020,9
3/1/2020,Sun,65,3,1,2020,10
3/2/2020,Mon,65,3,1,2020,10
3/3/2020,Tue,65,3,1,2020,10
3/4/2020,Wed,65,3,1,2020,10
3/5/2020,Thu,65,3,1,2020,10
3/6/2020,Fri,65,3,1,2020,10
3/7/2020,Sat,65,3,1,2020,10
3/8/2020,Sun,66,3,1,2020,11
3/9/2020,Mon,66,3,1,2020,11
3/10/2020,Tue,66,3,1,2020,11
3/11/2020,Wed,66,3,1,2020,11
3/12/2020,Thu,66,3,1,2020,11
3/13/2020,Fri,66,3,1,2020,11
3/14/2020,Sat,66,3,1,2020,11
3/15/2020,Sun,67,3,1,2020,12
3/16/2020,Mon,67,3,1,2020,12
3/17/2020,Tue,67,3,1,2020,12
3/18/2020,Wed,67,3,1,2020,12
3/19/2020,Thu,67,3,1,2020,12
3/20/2020,Fri,67,3,1,2020,12
3/21/2020,Sat,67,3,1,2020,12
3/22/2020,Sun,68,3,1,2020,13
3/23/2020,Mon,68,3,1,2020,13
3/24/2020,Tue,68,3,1,2020,13
3/25/2020,Wed,68,3,1,2020,13
3/26/2020,Thu,68,3,1,2020,13
3/27/2020,Fri,68,3,1,2020,13
3/28/2020,Sat,68,3,1,2020,13
3/29/2020,Sun,69,4,2,2020,14
3/30/2020,Mon,69,4,2,2020,14
3/31/2020,Tue,69,4,2,2020,14
4/1/2020,Wed,69,4,2,2020,14
4/2/2020,Thu,69,4,2,2020,14
4/3/2020,Fri,69,4,2,2020,14
4/4/2020,Sat,69,4,2,2020,14
4/5/2020,Sun,70,4,2,2020,15
4/6/2020,Mon,70,4,2,2020,15
4/7/2020,Tue,70,4,2,2020,15
4/8/2020,Wed,70,4,2,2020,15
4/9/2020,Thu,70,4,2,2020,15
4/10/2020,Fri,70,4,2,2020,15
4/11/2020,Sat,70,4,2,2020,15
4/12/2020,Sun,71,4,2,2020,16
4/13/2020,Mon,71,4,2,2020,16
4/14/2020,Tue,71,4,2,2020,16
4/15/2020,Wed,71,4,2,2020,16
4/16/2020,Thu,71,4,2,2020,16
4/17/2020,Fri,71,4,2,2020,16
4/18/2020,Sat,71,4,2,2020,16
4/19/2020,Sun,72,4,2,2020,17
4/20/2020,Mon,72,4,2,2020,17
4/21/2020,Tue,72,4,2,2020,17
4/22/2020,Wed,72,4,2,2020,17
4/23/2020,Thu,72,4,2,2020,17
4/24/2020,Fri,72,4,2,2020,17
4/25/2020,Sat,72,4,2,2020,17
4/26/2020,Sun,73,5,2,2020,18
4/27/2020,Mon,73,5,2,2020,18
4/28/2020,Tue,73,5,2,2020,18
4/29/2020,Wed,73,5,2,2020,18
4/30/2020,Thu,73,5,2,2020,18
5/1/2020,Fri,73,5,2,2020,18
5/2/2020,Sat,73,5,2,2020,18
5/3/2020,Sun,74,5,2,2020,19
5/4/2020,Mon,74,5,2,2020,19
5/5/2020,Tue,74,5,2,2020,19
5/6/2020,Wed,74,5,2,2020,19
5/7/2020,Thu,74,5,2,2020,19
5/8/2020,Fri,74,5,2,2020,19
5/9/2020,Sat,74,5,2,2020,19
5/10/2020,Sun,75,5,2,2020,20
5/11/2020,Mon,75,5,2,2020,20
5/12/2020,Tue,75,5,2,2020,20
5/13/2020,Wed,75,5,2,2020,20
5/14/2020,Thu,75,5,2,2020,20
5/15/2020,Fri,75,5,2,2020,20
5/16/2020,Sat,75,5,2,2020,20
5/17/2020,Sun,76,5,2,2020,21
5/18/2020,Mon,76,5,2,2020,21
5/19/2020,Tue,76,5,2,2020,21
5/20/2020,Wed,76,5,2,2020,21
5/21/2020,Thu,76,5,2,2020,21
5/22/2020,Fri,76,5,2,2020,21
5/23/2020,Sat,76,5,2,2020,21
5/24/2020,Sun,77,5,2,2020,22
5/25/2020,Mon,77,5,2,2020,22
5/26/2020,Tue,77,5,2,2020,22
5/27/2020,Wed,77,5,2,2020,22
5/28/2020,Thu,77,5,2,2020,22
5/29/2020,Fri,77,5,2,2020,22
5/30/2020,Sat,77,5,2,2020,22
5/31/2020,Sun,78,6,2,2020,23
6/1/2020,Mon,78,6,2,2020,23
6/2/2020,Tue,78,6,2,2020,23
6/3/2020,Wed,78,6,2,2020,23
6/4/2020,Thu,78,6,2,2020,23
6/5/2020,Fri,78,6,2,2020,23
6/6/2020,Sat,78,6,2,2020,23
6/7/2020,Sun,79,6,2,2020,24
6/8/2020,Mon,79,6,2,2020,24
6/9/2020,Tue,79,6,2,2020,24
6/10/2020,Wed,79,6,2,2020,24
6/11/2020,Thu,79,6,2,2020,24
6/12/2020,Fri,79,6,2,2020,24
6/13/2020,Sat,79,6,2,2020,24
6/14/2020,Sun,80,6,2,2020,25
6/15/2020,Mon,80,6,2,2020,25
6/16/2020,Tue,80,6,2,2020,25
6/17/2020,Wed,80,6,2,2020,25
6/18/2020,Thu,80,6,2,2020,25
6/19/2020,Fri,80,6,2,2020,25
6/20/2020,Sat,80,6,2,2020,25
6/21/2020,Sun,81,6,2,2020,26
6/22/2020,Mon,81,6,2,2020,26
6/23/2020,Tue,81,6,2,2020,26
6/24/2020,Wed,81,6,2,2020,26
6/25/2020,Thu,81,6,2,2020,26
6/26/2020,Fri,81,6,2,2020,26
6/27/2020,Sat,81,6,2,2020,26
6/28/2020,Sun,82,7,3,2020,27
6/29/2020,Mon,82,7,3,2020,27
6/30/2020,Tue,82,7,3,2020,27
7/1/2020,Wed,82,7,3,2020,27
7/2/2020,Thu,82,7,3,2020,27
7/3/2020,Fri,82,7,3,2020,27
7/4/2020,Sat,82,7,3,2020,27
7/5/2020,Sun,83,7,3,2020,28
7/6/2020,Mon,83,7,3,2020,28
7/7/2020,Tue,83,7,3,2020,28
7/8/2020,Wed,83,7,3,2020,28
7/9/2020,Thu,83,7,3,2020,28
7/10/2020,Fri,83,7,3,2020,28
7/11/2020,Sat,83,7,3,2020,28
7/12/2020,Sun,84,7,3,2020,29
7/13/2020,Mon,84,7,3,2020,29
7/14/2020,Tue,84,7,3,2020,29
7/15/2020,Wed,84,7,3,2020,29
7/16/2020,Thu,84,7,3,2020,29
7/17/2020,Fri,84,7,3,2020,29
7/18/2020,Sat,84,7,3,2020,29
7/19/2020,Sun,85,7,3,2020,30
7/20/2020,Mon,85,7,3,2020,30
7/21/2020,Tue,85,7,3,2020,30
7/22/2020,Wed,85,7,3,2020,30
7/23/2020,Thu,85,7,3,2020,30
7/24/2020,Fri,85,7,3,2020,30
7/25/2020,Sat,85,7,3,2020,30
7/26/2020,Sun,86,8,3,2020,31
7/27/2020,Mon,86,8,3,2020,31
7/28/2020,Tue,86,8,3,2020,31
7/29/2020,Wed,86,8,3,2020,31
7/30/2020,Thu,86,8,3,2020,31
7/31/2020,Fri,86,8,3,2020,31
8/1/2020,Sat,86,8,3,2020,31
8/2/2020,Sun,87,8,3,2020,32
8/3/2020,Mon,87,8,3,2020,32
8/4/2020,Tue,87,8,3,2020,32
8/5/2020,Wed,87,8,3,2020,32
8/6/2020,Thu,87,8,3,2020,32
8/7/2020,Fri,87,8,3,2020,32
8/8/2020,Sat,87,8,3,2020,32
8/9/2020,Sun,88,8,3,2020,33
8/10/2020,Mon,88,8,3,2020,33
8/11/2020,Tue,88,8,3,2020,33
8/12/2020,Wed,88,8,3,2020,33
8/13/2020,Thu,88,8,3,2020,33
8/14/2020,Fri,88,8,3,2020,33
8/15/2020,Sat,88,8,3,2020,33
8/16/2020,Sun,89,8,3,2020,34
8/17/2020,Mon,89,8,3,2020,34
8/18/2020,Tue,89,8,3,2020,34
8/19/2020,Wed,89,8,3,2020,34
8/20/2020,Thu,89,8,3,2020,34
8/21/2020,Fri,89,8,3,2020,34
8/22/2020,Sat,89,8,3,2020,34
8/23/2020,Sun,90,8,3,2020,35
8/24/2020,Mon,90,8,3,2020,35
8/25/2020,Tue,90,8,3,2020,35
8/26/2020,Wed,90,8,3,2020,35
8/27/2020,Thu,90,8,3,2020,35
8/28/2020,Fri,90,8,3,2020,35
8/29/2020,Sat,90,8,3,2020,35
8/30/2020,Sun,91,9,3,2020,36
8/31/2020,Mon,91,9,3,2020,36
9/1/2020,Tue,91,9,3,2020,36
9/2/2020,Wed,91,9,3,2020,36
9/3/2020,Thu,91,9,3,2020,36
9/4/2020,Fri,91,9,3,2020,36
9/5/2020,Sat,91,9,3,2020,36
9/6/2020,Sun,92,9,3,2020,37
9/7/2020,Mon,92,9,3,2020,37
9/8/2020,Tue,92,9,3,2020,37
9/9/2020,Wed,92,9,3,2020,37
9/10/2020,Thu,92,9,3,2020,37
9/11/2020,Fri,92,9,3,2020,37
9/12/2020,Sat,92,9,3,2020,37
9/13/2020,Sun,93,9,3,2020,38
9/14/2020,Mon,93,9,3,2020,38
9/15/2020,Tue,93,9,3,2020,38
9/16/2020,Wed,93,9,3,2020,38
9/17/2020,Thu,93,9,3,2020,38
9/18/2020,Fri,93,9,3,2020,38
9/19/2020,Sat,93,9,3,2020,38
9/20/2020,Sun,94,9,3,2020,39
9/21/2020,Mon,94,9,3,2020,39
9/22/2020,Tue,94,9,3,2020,39
9/23/2020,Wed,94,9,3,2020,39
9/24/2020,Thu,94,9,3,2020,39
9/25/2020,Fri,94,9,3,2020,39
9/26/2020,Sat,94,9,3,2020,39
9/27/2020,Sun,95,10,4,2020,40
9/28/2020,Mon,95,10,4,2020,40
9/29/2020,Tue,95,10,4,2020,40
9/30/2020,Wed,95,10,4,2020,40
10/1/2020,Thu,95,10,4,2020,40
10/2/2020,Fri,95,10,4,2020,40
10/3/2020,Sat,95,10,4,2020,40
10/4/2020,Sun,96,10,4,2020,41
10/5/2020,Mon,96,10,4,2020,41
10/6/2020,Tue,96,10,4,2020,41
10/7/2020,Wed,96,10,4,2020,41
10/8/2020,Thu,96,10,4,2020,41
10/9/2020,Fri,96,10,4,2020,41
10/10/2020,Sat,96,10,4,2020,41
10/11/2020,Sun,97,10,4,2020,42
10/12/2020,Mon,97,10,4,2020,42
10/13/2020,Tue,97,10,4,2020,42
10/14/2020,Wed,97,10,4,2020,42
10/15/2020,Thu,97,10,4,2020,42
10/16/2020,Fri,97,10,4,2020,42
10/17/2020,Sat,97,10,4,2020,42
10/18/2020,Sun,98,10,4,2020,43
10/19/2020,Mon,98,10,4,2020,43
10/20/2020,Tue,98,10,4,2020,43
10/21/2020,Wed,98,10,4,2020,43
10/22/2020,Thu,98,10,4,2020,43
10/23/2020,Fri,98,10,4,2020,43
10/24/2020,Sat,98,10,4,2020,43
10/25/2020,Sun,99,10,4,2020,44
10/26/2020,Mon,99,10,4,2020,44
10/27/2020,Tue,99,10,4,2020,44
10/28/2020,Wed,99,10,4,2020,44
10/29/2020,Thu,99,10,4,2020,44
10/30/2020,Fri,99,10,4,2020,44
10/31/2020,Sat,99,10,4,2020,44
11/1/2020,Sun,100,11,4,2020,45
11/2/2020,Mon,100,11,4,2020,45
11/3/2020,Tue,100,11,4,2020,45
11/4/2020,Wed,100,11,4,2020,45
11/5/2020,Thu,100,11,4,2020,45
11/6/2020,Fri,100,11,4,2020,45
11/7/2020,Sat,100,11,4,2020,45
11/8/2020,Sun,101,11,4,2020,46
11/9/2020,Mon,101,11,4,2020,46
11/10/2020,Tue,101,11,4,2020,46
11/11/2020,Wed,101,11,4,2020,46
11/12/2020,Thu,101,11,4,2020,46
11/13/2020,Fri,101,11,4,2020,46
11/14/2020,Sat,101,11,4,2020,46
11/15/2020,Sun,102,11,4,2020,47
11/16/2020,Mon,102,11,4,2020,47
11/17/2020,Tue,102,11,4,2020,47
11/18/2020,Wed,102,11,4,2020,47
11/19/2020,Thu,102,11,4,2020,47
11/20/2020,Fri,102,11,4,2020,47
11/21/2020,Sat,102,11,4,2020,47
11/22/2020,Sun,103,11,4,2020,48
11/23/2020,Mon,103,11,4,2020,48
11/24/2020,Tue,103,11,4,2020,48
11/25/2020,Wed,103,11,4,2020,48
11/26/2020,Thu,103,11,4,2020,48
11/27/2020,Fri,103,11,4,2020,48
11/28/2020,Sat,103,11,4,2020,48
11/29/2020,Sun,104,12,4,2020,49
11/30/2020,Mon,104,12,4,2020,49
12/1/2020,Tue,104,12,4,2020,49
12/2/2020,Wed,104,12,4,2020,49
12/3/2020,Thu,104,12,4,2020,49
12/4/2020,Fri,104,12,4,2020,49
12/5/2020,Sat,104,12,4,2020,49
12/6/2020,Sun,105,12,4,2020,50
12/7/2020,Mon,105,12,4,2020,50
12/8/2020,Tue,105,12,4,2020,50
12/9/2020,Wed,105,12,4,2020,50
12/10/2020,Thu,105,12,4,2020,50
12/11/2020,Fri,105,12,4,2020,50
12/12/2020,Sat,105,12,4,2020,50
12/13/2020,Sun,106,12,4,2020,51
12/14/2020,Mon,106,12,4,2020,51
12/15/2020,Tue,106,12,4,2020,51
12/16/2020,Wed,106,12,4,2020,51
12/17/2020,Thu,106,12,4,2020,51
12/18/2020,Fri,106,12,4,2020,51
12/19/2020,Sat,106,12,4,2020,51
12/20/2020,Sun,107,12,4,2020,52
12/21/2020,Mon,107,12,4,2020,52
12/22/2020,Tue,107,12,4,2020,52
12/23/2020,Wed,107,12,4,2020,52
12/24/2020,Thu,107,12,4,2020,52
12/25/2020,Fri,107,12,4,2020,52
12/26/2020,Sat,107,12,4,2020,52
12/27/2020,Sun,108,12,4,2020,1
12/28/2020,Mon,108,12,4,2020,1
12/29/2020,Tue,108,12,4,2020,1
12/30/2020,Wed,108,12,4,2020,1
12/31/2020,Thu,108,12,4,2020,1
1/1/2021,Fri,108,12,1,2020,1
1/2/2021,Sat,108,12,1,2020,1
1/3/2021,Sun,109,1,1,2021,2
1/4/2021,Mon,109,1,1,2021,2
1/5/2021,Tue,109,1,1,2021,2
1/6/2021,Wed,109,1,1,2021,2
1/7/2021,Thu,109,1,1,2021,2
1/8/2021,Fri,109,1,1,2021,2
1/9/2021,Sat,109,1,1,2021,2
1/10/2021,Sun,110,1,1,2021,3
1/11/2021,Mon,110,1,1,2021,3
1/12/2021,Tue,110,1,1,2021,3
1/13/2021,Wed,110,1,1,2021,3
1/14/2021,Thu,110,1,1,2021,3
1/15/2021,Fri,110,1,1,2021,3
1/16/2021,Sat,110,1,1,2021,3
1/17/2021,Sun,111,1,1,2021,4
1/18/2021,Mon,111,1,1,2021,4
1/19/2021,Tue,111,1,1,2021,4
1/20/2021,Wed,111,1,1,2021,4
1/21/2021,Thu,111,1,1,2021,4
1/22/2021,Fri,111,1,1,2021,4
1/23/2021,Sat,111,1,1,2021,4
1/24/2021,Sun,112,1,1,2021,5
1/25/2021,Mon,112,1,1,2021,5
1/26/2021,Tue,112,1,1,2021,5
1/27/2021,Wed,112,1,1,2021,5
1/28/2021,Thu,112,1,1,2021,5
1/29/2021,Fri,112,1,1,2021,5
1/30/2021,Sat,112,1,1,2021,5
1/31/2021,Sun,113,1,1,2021,6
2/1/2021,Mon,113,2,1,2021,6
2/2/2021,Tue,113,2,1,2021,6
2/3/2021,Wed,113,2,1,2021,6
2/4/2021,Thu,113,2,1,2021,6
2/5/2021,Fri,113,2,1,2021,6
2/6/2021,Sat,113,2,1,2021,6
2/7/2021,Sun,114,2,1,2021,7
2/8/2021,Mon,114,2,1,2021,7
2/9/2021,Tue,114,2,1,2021,7
2/10/2021,Wed,114,2,1,2021,7
2/11/2021,Thu,114,2,1,2021,7
2/12/2021,Fri,114,2,1,2021,7
2/13/2021,Sat,114,2,1,2021,7
2/14/2021,Sun,115,2,1,2021,8
2/15/2021,Mon,115,2,1,2021,8
2/16/2021,Tue,115,2,1,2021,8
2/17/2021,Wed,115,2,1,2021,8
2/18/2021,Thu,115,2,1,2021,8
2/19/2021,Fri,115,2,1,2021,8
2/20/2021,Sat,115,2,1,2021,8
2/21/2021,Sun,116,2,1,2021,9
2/22/2021,Mon,116,2,1,2021,9
2/23/2021,Tue,116,2,1,2021,9
2/24/2021,Wed,116,2,1,2021,9
2/25/2021,Thu,116,2,1,2021,9
2/26/2021,Fri,116,2,1,2021,9
2/27/2021,Sat,116,2,1,2021,9
2/28/2021,Sun,117,2,1,2021,10
3/1/2021,Mon,117,3,1,2021,10
3/2/2021,Tue,117,3,1,2021,10
3/3/2021,Wed,117,3,1,2021,10
3/4/2021,Thu,117,3,1,2021,10
3/5/2021,Fri,117,3,1,2021,10
3/6/2021,Sat,117,3,1,2021,10
3/7/2021,Sun,118,3,1,2021,11
3/8/2021,Mon,118,3,1,2021,11
3/9/2021,Tue,118,3,1,2021,11
3/10/2021,Wed,118,3,1,2021,11
3/11/2021,Thu,118,3,1,2021,11
3/12/2021,Fri,118,3,1,2021,11
3/13/2021,Sat,118,3,1,2021,11
3/14/2021,Sun,119,3,1,2021,12
3/15/2021,Mon,119,3,1,2021,12
3/16/2021,Tue,119,3,1,2021,12
3/17/2021,Wed,119,3,1,2021,12
3/18/2021,Thu,119,3,1,2021,12
3/19/2021,Fri,119,3,1,2021,12
3/20/2021,Sat,119,3,1,2021,12
3/21/2021,Sun,120,3,1,2021,13
3/22/2021,Mon,120,3,1,2021,13
3/23/2021,Tue,120,3,1,2021,13
3/24/2021,Wed,120,3,1,2021,13
3/25/2021,Thu,120,3,1,2021,13
3/26/2021,Fri,120,3,1,2021,13
3/27/2021,Sat,120,3,1,2021,13
3/28/2021,Sun,121,3,1,2021,14
3/29/2021,Mon,121,3,1,2021,14
3/30/2021,Tue,121,3,1,2021,14
3/31/2021,Wed,121,3,1,2021,14
4/1/2021,Thu,121,4,2,2021,14
4/2/2021,Fri,121,4,2,2021,14
4/3/2021,Sat,121,4,2,2021,14
4/4/2021,Sun,122,4,2,2021,15
4/5/2021,Mon,122,4,2,2021,15
4/6/2021,Tue,122,4,2,2021,15
4/7/2021,Wed,122,4,2,2021,15
4/8/2021,Thu,122,4,2,2021,15
4/9/2021,Fri,122,4,2,2021,15
4/10/2021,Sat,122,4,2,2021,15
4/11/2021,Sun,123,4,2,2021,16
4/12/2021,Mon,123,4,2,2021,16
4/13/2021,Tue,123,4,2,2021,16
4/14/2021,Wed,123,4,2,2021,16
4/15/2021,Thu,123,4,2,2021,16
4/16/2021,Fri,123,4,2,2021,16
4/17/2021,Sat,123,4,2,2021,16
4/18/2021,Sun,124,4,2,2021,17
4/19/2021,Mon,124,4,2,2021,17
4/20/2021,Tue,124,4,2,2021,17
4/21/2021,Wed,124,4,2,2021,17
4/22/2021,Thu,124,4,2,2021,17
4/23/2021,Fri,124,4,2,2021,17
4/24/2021,Sat,124,4,2,2021,17
4/25/2021,Sun,125,4,2,2021,18
4/26/2021,Mon,125,4,2,2021,18
4/27/2021,Tue,125,4,2,2021,18
4/28/2021,Wed,125,4,2,2021,18
4/29/2021,Thu,125,4,2,2021,18
4/30/2021,Fri,125,4,2,2021,18
5/1/2021,Sat,125,5,2,2021,18
5/2/2021,Sun,126,5,2,2021,19
5/3/2021,Mon,126,5,2,2021,19
5/4/2021,Tue,126,5,2,2021,19
5/5/2021,Wed,126,5,2,2021,19
5/6/2021,Thu,126,5,2,2021,19
5/7/2021,Fri,126,5,2,2021,19
5/8/2021,Sat,126,5,2,2021,19
5/9/2021,Sun,127,5,2,2021,20
5/10/2021,Mon,127,5,2,2021,20
5/11/2021,Tue,127,5,2,2021,20
5/12/2021,Wed,127,5,2,2021,20
5/13/2021,Thu,127,5,2,2021,20
5/14/2021,Fri,127,5,2,2021,20
5/15/2021,Sat,127,5,2,2021,20
5/16/2021,Sun,128,5,2,2021,21
5/17/2021,Mon,128,5,2,2021,21
5/18/2021,Tue,128,5,2,2021,21
5/19/2021,Wed,128,5,2,2021,21
5/20/2021,Thu,128,5,2,2021,21
5/21/2021,Fri,128,5,2,2021,21
5/22/2021,Sat,128,5,2,2021,21
5/23/2021,Sun,129,5,2,2021,22
5/24/2021,Mon,129,5,2,2021,22
5/25/2021,Tue,129,5,2,2021,22
5/26/2021,Wed,129,5,2,2021,22
5/27/2021,Thu,129,5,2,2021,22
5/28/2021,Fri,129,5,2,2021,22
5/29/2021,Sat,129,5,2,2021,22
5/30/2021,Sun,130,5,2,2021,23
5/31/2021,Mon,130,5,2,2021,23
6/1/2021,Tue,130,6,2,2021,23
6/2/2021,Wed,130,6,2,2021,23
6/3/2021,Thu,130,6,2,2021,23
6/4/2021,Fri,130,6,2,2021,23
6/5/2021,Sat,130,6,2,2021,23
6/6/2021,Sun,131,6,2,2021,24
6/7/2021,Mon,131,6,2,2021,24
6/8/2021,Tue,131,6,2,2021,24
6/9/2021,Wed,131,6,2,2021,24
6/10/2021,Thu,131,6,2,2021,24
6/11/2021,Fri,131,6,2,2021,24
6/12/2021,Sat,131,6,2,2021,24
6/13/2021,Sun,132,6,2,2021,25
6/14/2021,Mon,132,6,2,2021,25
6/15/2021,Tue,132,6,2,2021,25
6/16/2021,Wed,132,6,2,2021,25
6/17/2021,Thu,132,6,2,2021,25
6/18/2021,Fri,132,6,2,2021,25
6/19/2021,Sat,132,6,2,2021,25
6/20/2021,Sun,133,6,2,2021,26
6/21/2021,Mon,133,6,2,2021,26
6/22/2021,Tue,133,6,2,2021,26
6/23/2021,Wed,133,6,2,2021,26
6/24/2021,Thu,133,6,2,2021,26
6/25/2021,Fri,133,6,2,2021,26
6/26/2021,Sat,133,6,2,2021,26
6/27/2021,Sun,134,6,2,2021,27
6/28/2021,Mon,134,6,2,2021,27
6/29/2021,Tue,134,6,2,2021,27
6/30/2021,Wed,134,6,2,2021,27
7/1/2021,Thu,134,7,3,2021,27
7/2/2021,Fri,134,7,3,2021,27
7/3/2021,Sat,134,7,3,2021,27
7/4/2021,Sun,135,7,3,2021,28
7/5/2021,Mon,135,7,3,2021,28
7/6/2021,Tue,135,7,3,2021,28
7/7/2021,Wed,135,7,3,2021,28
7/8/2021,Thu,135,7,3,2021,28
7/9/2021,Fri,135,7,3,2021,28
7/10/2021,Sat,135,7,3,2021,28
7/11/2021,Sun,136,7,3,2021,29
7/12/2021,Mon,136,7,3,2021,29
7/13/2021,Tue,136,7,3,2021,29
7/14/2021,Wed,136,7,3,2021,29
7/15/2021,Thu,136,7,3,2021,29
7/16/2021,Fri,136,7,3,2021,29
7/17/2021,Sat,136,7,3,2021,29
7/18/2021,Sun,137,7,3,2021,30
7/19/2021,Mon,137,7,3,2021,30
7/20/2021,Tue,137,7,3,2021,30
7/21/2021,Wed,137,7,3,2021,30
7/22/2021,Thu,137,7,3,2021,30
7/23/2021,Fri,137,7,3,2021,30
7/24/2021,Sat,137,7,3,2021,30
7/25/2021,Sun,138,7,3,2021,31
7/26/2021,Mon,138,7,3,2021,31
7/27/2021,Tue,138,7,3,2021,31
7/28/2021,Wed,138,7,3,2021,31
7/29/2021,Thu,138,7,3,2021,31
7/30/2021,Fri,138,7,3,2021,31
7/31/2021,Sat,138,7,3,2021,31
8/1/2021,Sun,139,8,3,2021,32
8/2/2021,Mon,139,8,3,2021,32
8/3/2021,Tue,139,8,3,2021,32
8/4/2021,Wed,139,8,3,2021,32
8/5/2021,Thu,139,8,3,2021,32
8/6/2021,Fri,139,8,3,2021,32
8/7/2021,Sat,139,8,3,2021,32
8/8/2021,Sun,140,8,3,2021,33
8/9/2021,Mon,140,8,3,2021,33
8/10/2021,Tue,140,8,3,2021,33
8/11/2021,Wed,140,8,3,2021,33
8/12/2021,Thu,140,8,3,2021,33
8/13/2021,Fri,140,8,3,2021,33
8/14/2021,Sat,140,8,3,2021,33
8/15/2021,Sun,141,8,3,2021,34
8/16/2021,Mon,141,8,3,2021,34
8/17/2021,Tue,141,8,3,2021,34
8/18/2021,Wed,141,8,3,2021,34
8/19/2021,Thu,141,8,3,2021,34
8/20/2021,Fri,141,8,3,2021,34
8/21/2021,Sat,141,8,3,2021,34
8/22/2021,Sun,142,8,3,2021,35
8/23/2021,Mon,142,8,3,2021,35
8/24/2021,Tue,142,8,3,2021,35
8/25/2021,Wed,142,8,3,2021,35
8/26/2021,Thu,142,8,3,2021,35
8/27/2021,Fri,142,8,3,2021,35
8/28/2021,Sat,142,8,3,2021,35
8/29/2021,Sun,143,8,3,2021,36
8/30/2021,Mon,143,8,3,2021,36
8/31/2021,Tue,143,8,3,2021,36
9/1/2021,Wed,143,9,3,2021,36
9/2/2021,Thu,143,9,3,2021,36
9/3/2021,Fri,143,9,3,2021,36
9/4/2021,Sat,143,9,3,2021,36
9/5/2021,Sun,144,9,3,2021,37
9/6/2021,Mon,144,9,3,2021,37
9/7/2021,Tue,144,9,3,2021,37
9/8/2021,Wed,144,9,3,2021,37
9/9/2021,Thu,144,9,3,2021,37
9/10/2021,Fri,144,9,3,2021,37
9/11/2021,Sat,144,9,3,2021,37
9/12/2021,Sun,145,9,3,2021,38
9/13/2021,Mon,145,9,3,2021,38
9/14/2021,Tue,145,9,3,2021,38
9/15/2021,Wed,145,9,3,2021,38
9/16/2021,Thu,145,9,3,2021,38
9/17/2021,Fri,145,9,3,2021,38
9/18/2021,Sat,145,9,3,2021,38
9/19/2021,Sun,146,9,3,2021,39
9/20/2021,Mon,146,9,3,2021,39
9/21/2021,Tue,146,9,3,2021,39
9/22/2021,Wed,146,9,3,2021,39
9/23/2021,Thu,146,9,3,2021,39
9/24/2021,Fri,146,9,3,2021,39
9/25/2021,Sat,146,9,3,2021,39
9/26/2021,Sun,147,9,3,2021,40
9/27/2021,Mon,147,9,3,2021,40
9/28/2021,Tue,147,9,3,2021,40
9/29/2021,Wed,147,9,3,2021,40
9/30/2021,Thu,147,9,3,2021,40
10/1/2021,Fri,147,10,4,2021,40
10/2/2021,Sat,147,10,4,2021,40
10/3/2021,Sun,148,10,4,2021,41
10/4/2021,Mon,148,10,4,2021,41
10/5/2021,Tue,148,10,4,2021,41
10/6/2021,Wed,148,10,4,2021,41
10/7/2021,Thu,148,10,4,2021,41
10/8/2021,Fri,148,10,4,2021,41
10/9/2021,Sat,148,10,4,2021,41
10/10/2021,Sun,149,10,4,2021,42
10/11/2021,Mon,149,10,4,2021,42
10/12/2021,Tue,149,10,4,2021,42
10/13/2021,Wed,149,10,4,2021,42
10/14/2021,Thu,149,10,4,2021,42
10/15/2021,Fri,149,10,4,2021,42
10/16/2021,Sat,149,10,4,2021,42
10/17/2021,Sun,150,10,4,2021,43
10/18/2021,Mon,150,10,4,2021,43
10/19/2021,Tue,150,10,4,2021,43
10/20/2021,Wed,150,10,4,2021,43
10/21/2021,Thu,150,10,4,2021,43
10/22/2021,Fri,150,10,4,2021,43
10/23/2021,Sat,150,10,4,2021,43
10/24/2021,Sun,151,10,4,2021,44
10/25/2021,Mon,151,10,4,2021,44
10/26/2021,Tue,151,10,4,2021,44
10/27/2021,Wed,151,10,4,2021,44
10/28/2021,Thu,151,10,4,2021,44
10/29/2021,Fri,151,10,4,2021,44
10/30/2021,Sat,151,10,4,2021,44
10/31/2021,Sun,152,10,4,2021,45
11/1/2021,Mon,152,11,4,2021,45
11/2/2021,Tue,152,11,4,2021,45
11/3/2021,Wed,152,11,4,2021,45
11/4/2021,Thu,152,11,4,2021,45
11/5/2021,Fri,152,11,4,2021,45
11/6/2021,Sat,152,11,4,2021,45
11/7/2021,Sun,153,11,4,2021,46
11/8/2021,Mon,153,11,4,2021,46
11/9/2021,Tue,153,11,4,2021,46
11/10/2021,Wed,153,11,4,2021,46
11/11/2021,Thu,153,11,4,2021,46
11/12/2021,Fri,153,11,4,2021,46
11/13/2021,Sat,153,11,4,2021,46
11/14/2021,Sun,154,11,4,2021,47
11/15/2021,Mon,154,11,4,2021,47
11/16/2021,Tue,154,11,4,2021,47
11/17/2021,Wed,154,11,4,2021,47
11/18/2021,Thu,154,11,4,2021,47
11/19/2021,Fri,154,11,4,2021,47
11/20/2021,Sat,154,11,4,2021,47
11/21/2021,Sun,155,11,4,2021,48
11/22/2021,Mon,155,11,4,2021,48
11/23/2021,Tue,155,11,4,2021,48
11/24/2021,Wed,155,11,4,2021,48
11/25/2021,Thu,155,11,4,2021,48
11/26/2021,Fri,155,11,4,2021,48
11/27/2021,Sat,155,11,4,2021,48
11/28/2021,Sun,156,11,4,2021,49
11/29/2021,Mon,156,11,4,2021,49
11/30/2021,Tue,156,11,4,2021,49
12/1/2021,Wed,156,12,4,2021,49
12/2/2021,Thu,156,12,4,2021,49
12/3/2021,Fri,156,12,4,2021,49
12/4/2021,Sat,156,12,4,2021,49
12/5/2021,Sun,157,12,4,2021,50
12/6/2021,Mon,157,12,4,2021,50
12/7/2021,Tue,157,12,4,2021,50
12/8/2021,Wed,157,12,4,2021,50
12/9/2021,Thu,157,12,4,2021,50
12/10/2021,Fri,157,12,4,2021,50
12/11/2021,Sat,157,12,4,2021,50
12/12/2021,Sun,158,12,4,2021,51
12/13/2021,Mon,158,12,4,2021,51
12/14/2021,Tue,158,12,4,2021,51
12/15/2021,Wed,158,12,4,2021,51
12/16/2021,Thu,158,12,4,2021,51
12/17/2021,Fri,158,12,4,2021,51
12/18/2021,Sat,158,12,4,2021,51
12/19/2021,Sun,159,12,4,2021,52
12/20/2021,Mon,159,12,4,2021,52
12/21/2021,Tue,159,12,4,2021,52
12/22/2021,Wed,159,12,4,2021,52
12/23/2021,Thu,159,12,4,2021,52
12/24/2021,Fri,159,12,4,2021,52
12/25/2021,Sat,159,12,4,2021,52
12/26/2021,Sun,160,12,4,2021,1
12/27/2021,Mon,160,12,4,2021,1
12/28/2021,Tue,160,12,4,2021,1
12/29/2021,Wed,160,12,4,2021,1
12/30/2021,Thu,160,12,4,2021,1
12/31/2021,Fri,160,12,4,2021,1
1/1/2022,Sat,160,1,1,2022,1
1/2/2022,Sun,161,1,1,2022,2
1/3/2022,Mon,161,1,1,2022,2
1/4/2022,Tue,161,1,1,2022,2
1/5/2022,Wed,161,1,1,2022,2
1/6/2022,Thu,161,1,1,2022,2
1/7/2022,Fri,161,1,1,2022,2
1/8/2022,Sat,161,1,1,2022,2
1/9/2022,Sun,162,1,1,2022,3
1/10/2022,Mon,162,1,1,2022,3
1/11/2022,Tue,162,1,1,2022,3
1/12/2022,Wed,162,1,1,2022,3
1/13/2022,Thu,162,1,1,2022,3
1/14/2022,Fri,162,1,1,2022,3
1/15/2022,Sat,162,1,1,2022,3
1/16/2022,Sun,163,1,1,2022,4
1/17/2022,Mon,163,1,1,2022,4
1/18/2022,Tue,163,1,1,2022,4
1/19/2022,Wed,163,1,1,2022,4
1/20/2022,Thu,163,1,1,2022,4
1/21/2022,Fri,163,1,1,2022,4
1/22/2022,Sat,163,1,1,2022,4
1/23/2022,Sun,164,1,1,2022,5
1/24/2022,Mon,164,1,1,2022,5
1/25/2022,Tue,164,1,1,2022,5
1/26/2022,Wed,164,1,1,2022,5
1/27/2022,Thu,164,1,1,2022,5
1/28/2022,Fri,164,1,1,2022,5
1/29/2022,Sat,164,1,1,2022,5
1/30/2022,Sun,165,1,1,2022,6
1/31/2022,Mon,165,1,1,2022,6
2/1/2022,Tue,165,2,1,2022,6
2/2/2022,Wed,165,2,1,2022,6
2/3/2022,Thu,165,2,1,2022,6
2/4/2022,Fri,165,2,1,2022,6
2/5/2022,Sat,165,2,1,2022,6
2/6/2022,Sun,166,2,1,2022,7
2/7/2022,Mon,166,2,1,2022,7
2/8/2022,Tue,166,2,1,2022,7
2/9/2022,Wed,166,2,1,2022,7
2/10/2022,Thu,166,2,1,2022,7
2/11/2022,Fri,166,2,1,2022,7
2/12/2022,Sat,166,2,1,2022,7
2/13/2022,Sun,167,2,1,2022,8
2/14/2022,Mon,167,2,1,2022,8
2/15/2022,Tue,167,2,1,2022,8
2/16/2022,Wed,167,2,1,2022,8
2/17/2022,Thu,167,2,1,2022,8
2/18/2022,Fri,167,2,1,2022,8
2/19/2022,Sat,167,2,1,2022,8
2/20/2022,Sun,168,2,1,2022,9
2/21/2022,Mon,168,2,1,2022,9
2/22/2022,Tue,168,2,1,2022,9
2/23/2022,Wed,168,2,1,2022,9
2/24/2022,Thu,168,2,1,2022,9
2/25/2022,Fri,168,2,1,2022,9
2/26/2022,Sat,168,2,1,2022,9
2/27/2022,Sun,169,2,1,2022,10
2/28/2022,Mon,169,2,1,2022,10
3/1/2022,Tue,169,3,1,2022,10
3/2/2022,Wed,169,3,1,2022,10
3/3/2022,Thu,169,3,1,2022,10
3/4/2022,Fri,169,3,1,2022,10
3/5/2022,Sat,169,3,1,2022,10
3/6/2022,Sun,170,3,1,2022,11
3/7/2022,Mon,170,3,1,2022,11
3/8/2022,Tue,170,3,1,2022,11
3/9/2022,Wed,170,3,1,2022,11
3/10/2022,Thu,170,3,1,2022,11
3/11/2022,Fri,170,3,1,2022,11
3/12/2022,Sat,170,3,1,2022,11
3/13/2022,Sun,171,3,1,2022,12
3/14/2022,Mon,171,3,1,2022,12
3/15/2022,Tue,171,3,1,2022,12
3/16/2022,Wed,171,3,1,2022,12
3/17/2022,Thu,171,3,1,2022,12
3/18/2022,Fri,171,3,1,2022,12
3/19/2022,Sat,171,3,1,2022,12
3/20/2022,Sun,172,3,1,2022,13
3/21/2022,Mon,172,3,1,2022,13
3/22/2022,Tue,172,3,1,2022,13
3/23/2022,Wed,172,3,1,2022,13
3/24/2022,Thu,172,3,1,2022,13
3/25/2022,Fri,172,3,1,2022,13
3/26/2022,Sat,172,3,1,2022,13
3/27/2022,Sun,173,3,1,2022,14
3/28/2022,Mon,173,3,1,2022,14
3/29/2022,Tue,173,3,1,2022,14
3/30/2022,Wed,173,3,1,2022,14
3/31/2022,Thu,173,3,1,2022,14
4/1/2022,Fri,173,4,2,2022,14
4/2/2022,Sat,173,4,2,2022,14
4/3/2022,Sun,174,4,2,2022,15
4/4/2022,Mon,174,4,2,2022,15
4/5/2022,Tue,174,4,2,2022,15
4/6/2022,Wed,174,4,2,2022,15
4/7/2022,Thu,174,4,2,2022,15
4/8/2022,Fri,174,4,2,2022,15
4/9/2022,Sat,174,4,2,2022,15
4/10/2022,Sun,175,4,2,2022,16
4/11/2022,Mon,175,4,2,2022,16
4/12/2022,Tue,175,4,2,2022,16
4/13/2022,Wed,175,4,2,2022,16
4/14/2022,Thu,175,4,2,2022,16
4/15/2022,Fri,175,4,2,2022,16
4/16/2022,Sat,175,4,2,2022,16
4/17/2022,Sun,176,4,2,2022,17
4/18/2022,Mon,176,4,2,2022,17
4/19/2022,Tue,176,4,2,2022,17
4/20/2022,Wed,176,4,2,2022,17
4/21/2022,Thu,176,4,2,2022,17
4/22/2022,Fri,176,4,2,2022,17
4/23/2022,Sat,176,4,2,2022,17
4/24/2022,Sun,177,4,2,2022,18
4/25/2022,Mon,177,4,2,2022,18
4/26/2022,Tue,177,4,2,2022,18
4/27/2022,Wed,177,4,2,2022,18
4/28/2022,Thu,177,4,2,2022,18
4/29/2022,Fri,177,4,2,2022,18
4/30/2022,Sat,177,4,2,2022,18
5/1/2022,Sun,178,5,2,2022,19
5/2/2022,Mon,178,5,2,2022,19
5/3/2022,Tue,178,5,2,2022,19
5/4/2022,Wed,178,5,2,2022,19
5/5/2022,Thu,178,5,2,2022,19
5/6/2022,Fri,178,5,2,2022,19
5/7/2022,Sat,178,5,2,2022,19
5/8/2022,Sun,179,5,2,2022,20
5/9/2022,Mon,179,5,2,2022,20
5/10/2022,Tue,179,5,2,2022,20
5/11/2022,Wed,179,5,2,2022,20
5/12/2022,Thu,179,5,2,2022,20
5/13/2022,Fri,179,5,2,2022,20
5/14/2022,Sat,179,5,2,2022,20
5/15/2022,Sun,180,5,2,2022,21
5/16/2022,Mon,180,5,2,2022,21
5/17/2022,Tue,180,5,2,2022,21
5/18/2022,Wed,180,5,2,2022,21
5/19/2022,Thu,180,5,2,2022,21
5/20/2022,Fri,180,5,2,2022,21
5/21/2022,Sat,180,5,2,2022,21
5/22/2022,Sun,181,5,2,2022,22
5/23/2022,Mon,181,5,2,2022,22
5/24/2022,Tue,181,5,2,2022,22
5/25/2022,Wed,181,5,2,2022,22
5/26/2022,Thu,181,5,2,2022,22
5/27/2022,Fri,181,5,2,2022,22
5/28/2022,Sat,181,5,2,2022,22
5/29/2022,Sun,182,5,2,2022,23
5/30/2022,Mon,182,5,2,2022,23
5/31/2022,Tue,182,5,2,2022,23
6/1/2022,Wed,182,6,2,2022,23
6/2/2022,Thu,182,6,2,2022,23
6/3/2022,Fri,182,6,2,2022,23
6/4/2022,Sat,182,6,2,2022,23
6/5/2022,Sun,183,6,2,2022,24
6/6/2022,Mon,183,6,2,2022,24
6/7/2022,Tue,183,6,2,2022,24
6/8/2022,Wed,183,6,2,2022,24
6/9/2022,Thu,183,6,2,2022,24
6/10/2022,Fri,183,6,2,2022,24
6/11/2022,Sat,183,6,2,2022,24
6/12/2022,Sun,184,6,2,2022,25
6/13/2022,Mon,184,6,2,2022,25
6/14/2022,Tue,184,6,2,2022,25
6/15/2022,Wed,184,6,2,2022,25
6/16/2022,Thu,184,6,2,2022,25
6/17/2022,Fri,184,6,2,2022,25
6/18/2022,Sat,184,6,2,2022,25
6/19/2022,Sun,185,6,2,2022,26
6/20/2022,Mon,185,6,2,2022,26
6/21/2022,Tue,185,6,2,2022,26
6/22/2022,Wed,185,6,2,2022,26
6/23/2022,Thu,185,6,2,2022,26
6/24/2022,Fri,185,6,2,2022,26
6/25/2022,Sat,185,6,2,2022,26
6/26/2022,Sun,186,6,2,2022,27
6/27/2022,Mon,186,6,2,2022,27
6/28/2022,Tue,186,6,2,2022,27
6/29/2022,Wed,186,6,2,2022,27
6/30/2022,Thu,186,6,2,2022,27
7/1/2022,Fri,186,7,3,2022,27
7/2/2022,Sat,186,7,3,2022,27
7/3/2022,Sun,187,7,3,2022,28
7/4/2022,Mon,187,7,3,2022,28
7/5/2022,Tue,187,7,3,2022,28
7/6/2022,Wed,187,7,3,2022,28
7/7/2022,Thu,187,7,3,2022,28
7/8/2022,Fri,187,7,3,2022,28
7/9/2022,Sat,187,7,3,2022,28
7/10/2022,Sun,188,7,3,2022,29
7/11/2022,Mon,188,7,3,2022,29
7/12/2022,Tue,188,7,3,2022,29
7/13/2022,Wed,188,7,3,2022,29
7/14/2022,Thu,188,7,3,2022,29
7/15/2022,Fri,188,7,3,2022,29
7/16/2022,Sat,188,7,3,2022,29
7/17/2022,Sun,189,7,3,2022,30
7/18/2022,Mon,189,7,3,2022,30
7/19/2022,Tue,189,7,3,2022,30
7/20/2022,Wed,189,7,3,2022,30
7/21/2022,Thu,189,7,3,2022,30
7/22/2022,Fri,189,7,3,2022,30
7/23/2022,Sat,189,7,3,2022,30
7/24/2022,Sun,190,7,3,2022,31
7/25/2022,Mon,190,7,3,2022,31
7/26/2022,Tue,190,7,3,2022,31
7/27/2022,Wed,190,7,3,2022,31
7/28/2022,Thu,190,7,3,2022,31
7/29/2022,Fri,190,7,3,2022,31
7/30/2022,Sat,190,7,3,2022,31
7/31/2022,Sun,191,7,3,2022,32
8/1/2022,Mon,191,8,3,2022,32
8/2/2022,Tue,191,8,3,2022,32
8/3/2022,Wed,191,8,3,2022,32
8/4/2022,Thu,191,8,3,2022,32
8/5/2022,Fri,191,8,3,2022,32
8/6/2022,Sat,191,8,3,2022,32
8/7/2022,Sun,192,8,3,2022,33
8/8/2022,Mon,192,8,3,2022,33
8/9/2022,Tue,192,8,3,2022,33
8/10/2022,Wed,192,8,3,2022,33
8/11/2022,Thu,192,8,3,2022,33
8/12/2022,Fri,192,8,3,2022,33
8/13/2022,Sat,192,8,3,2022,33
8/14/2022,Sun,193,8,3,2022,34
8/15/2022,Mon,193,8,3,2022,34
8/16/2022,Tue,193,8,3,2022,34
8/17/2022,Wed,193,8,3,2022,34
8/18/2022,Thu,193,8,3,2022,34
8/19/2022,Fri,193,8,3,2022,34
8/20/2022,Sat,193,8,3,2022,34
8/21/2022,Sun,194,8,3,2022,35
8/22/2022,Mon,194,8,3,2022,35
8/23/2022,Tue,194,8,3,2022,35
8/24/2022,Wed,194,8,3,2022,35
8/25/2022,Thu,194,8,3,2022,35
8/26/2022,Fri,194,8,3,2022,35
8/27/2022,Sat,194,8,3,2022,35
8/28/2022,Sun,195,8,3,2022,36
8/29/2022,Mon,195,8,3,2022,36
8/30/2022,Tue,195,8,3,2022,36
8/31/2022,Wed,195,8,3,2022,36
9/1/2022,Thu,195,9,3,2022,36
9/2/2022,Fri,195,9,3,2022,36
9/3/2022,Sat,195,9,3,2022,36
9/4/2022,Sun,196,9,3,2022,37
9/5/2022,Mon,196,9,3,2022,37
9/6/2022,Tue,196,9,3,2022,37
9/7/2022,Wed,196,9,3,2022,37
9/8/2022,Thu,196,9,3,2022,37
9/9/2022,Fri,196,9,3,2022,37
9/10/2022,Sat,196,9,3,2022,37
9/11/2022,Sun,197,9,3,2022,38
9/12/2022,Mon,197,9,3,2022,38
9/13/2022,Tue,197,9,3,2022,38
9/14/2022,Wed,197,9,3,2022,38
9/15/2022,Thu,197,9,3,2022,38
9/16/2022,Fri,197,9,3,2022,38
9/17/2022,Sat,197,9,3,2022,38
9/18/2022,Sun,198,9,3,2022,39
9/19/2022,Mon,198,9,3,2022,39
9/20/2022,Tue,198,9,3,2022,39
9/21/2022,Wed,198,9,3,2022,39
9/22/2022,Thu,198,9,3,2022,39
9/23/2022,Fri,198,9,3,2022,39
9/24/2022,Sat,198,9,3,2022,39
9/25/2022,Sun,199,9,3,2022,40
9/26/2022,Mon,199,9,3,2022,40
9/27/2022,Tue,199,9,3,2022,40
9/28/2022,Wed,199,9,3,2022,40
9/29/2022,Thu,199,9,3,2022,40
9/30/2022,Fri,199,9,3,2022,40
10/1/2022,Sat,199,10,4,2022,40
10/2/2022,Sun,200,10,4,2022,41
10/3/2022,Mon,200,10,4,2022,41
10/4/2022,Tue,200,10,4,2022,41
10/5/2022,Wed,200,10,4,2022,41
10/6/2022,Thu,200,10,4,2022,41
10/7/2022,Fri,200,10,4,2022,41
10/8/2022,Sat,200,10,4,2022,41
10/9/2022,Sun,201,10,4,2022,42
10/10/2022,Mon,201,10,4,2022,42
10/11/2022,Tue,201,10,4,2022,42
10/12/2022,Wed,201,10,4,2022,42
10/13/2022,Thu,201,10,4,2022,42
10/14/2022,Fri,201,10,4,2022,42
10/15/2022,Sat,201,10,4,2022,42
10/16/2022,Sun,202,10,4,2022,43
10/17/2022,Mon,202,10,4,2022,43
10/18/2022,Tue,202,10,4,2022,43
10/19/2022,Wed,202,10,4,2022,43
10/20/2022,Thu,202,10,4,2022,43
10/21/2022,Fri,202,10,4,2022,43
10/22/2022,Sat,202,10,4,2022,43
10/23/2022,Sun,203,10,4,2022,44
10/24/2022,Mon,203,10,4,2022,44
10/25/2022,Tue,203,10,4,2022,44
10/26/2022,Wed,203,10,4,2022,44
10/27/2022,Thu,203,10,4,2022,44
10/28/2022,Fri,203,10,4,2022,44
10/29/2022,Sat,203,10,4,2022,44
10/30/2022,Sun,204,10,4,2022,45
10/31/2022,Mon,204,10,4,2022,45
11/1/2022,Tue,204,11,4,2022,45
11/2/2022,Wed,204,11,4,2022,45
11/3/2022,Thu,204,11,4,2022,45
11/4/2022,Fri,204,11,4,2022,45
11/5/2022,Sat,204,11,4,2022,45
11/6/2022,Sun,205,11,4,2022,46
11/7/2022,Mon,205,11,4,2022,46
11/8/2022,Tue,205,11,4,2022,46
11/9/2022,Wed,205,11,4,2022,46
11/10/2022,Thu,205,11,4,2022,46
11/11/2022,Fri,205,11,4,2022,46
11/12/2022,Sat,205,11,4,2022,46
11/13/2022,Sun,206,11,4,2022,47
11/14/2022,Mon,206,11,4,2022,47
11/15/2022,Tue,206,11,4,2022,47
11/16/2022,Wed,206,11,4,2022,47
11/17/2022,Thu,206,11,4,2022,47
11/18/2022,Fri,206,11,4,2022,47
11/19/2022,Sat,206,11,4,2022,47
11/20/2022,Sun,207,11,4,2022,48
11/21/2022,Mon,207,11,4,2022,48
11/22/2022,Tue,207,11,4,2022,48
11/23/2022,Wed,207,11,4,2022,48
11/24/2022,Thu,207,11,4,2022,48
11/25/2022,Fri,207,11,4,2022,48
11/26/2022,Sat,207,11,4,2022,48
11/27/2022,Sun,208,11,4,2022,49
11/28/2022,Mon,208,11,4,2022,49
11/29/2022,Tue,208,11,4,2022,49
11/30/2022,Wed,208,11,4,2022,49
12/1/2022,Thu,208,12,4,2022,49
12/2/2022,Fri,208,12,4,2022,49
12/3/2022,Sat,208,12,4,2022,49
12/4/2022,Sun,209,12,4,2022,50
12/5/2022,Mon,209,12,4,2022,50
12/6/2022,Tue,209,12,4,2022,50
12/7/2022,Wed,209,12,4,2022,50
12/8/2022,Thu,209,12,4,2022,50
12/9/2022,Fri,209,12,4,2022,50
12/10/2022,Sat,209,12,4,2022,50
12/11/2022,Sun,210,12,4,2022,51
12/12/2022,Mon,210,12,4,2022,51
12/13/2022,Tue,210,12,4,2022,51
12/14/2022,Wed,210,12,4,2022,51
12/15/2022,Thu,210,12,4,2022,51
12/16/2022,Fri,210,12,4,2022,51
12/17/2022,Sat,210,12,4,2022,51
12/18/2022,Sun,211,12,4,2022,52
12/19/2022,Mon,211,12,4,2022,52
12/20/2022,Tue,211,12,4,2022,52
12/21/2022,Wed,211,12,4,2022,52
12/22/2022,Thu,211,12,4,2022,52
12/23/2022,Fri,211,12,4,2022,52
12/24/2022,Sat,211,12,4,2022,52
