sku,store,inventory,price,cost
1111,1001,86,10,4
1111,1002,182,10,4
1111,1003,406,10,4
1111,1004,217,10,4
1111,1005,241,10,4
1111,1006,375,10,4
1111,1007,444,10,4
1111,1008,221,10,4
1111,1009,268,10,4
1111,1010,171,10,4
1111,1011,319,10,4
1111,1012,264,10,4
1111,1013,238,10,4
1111,1014,306,10,4
1111,1015,226,10,4
1111,1016,453,10,4
1111,1017,423,10,4
1111,1018,151,10,4
1111,1019,372,10,4
1111,1020,397,10,4
1111,1021,181,10,4
1111,1022,460,10,4
1111,1023,148,10,4
1111,1024,333,10,4
1111,1025,458,10,4
1111,1026,290,10,4
1111,1027,305,10,4
1111,1028,398,10,4
1111,1029,299,10,4
1111,1030,307,10,4
1111,1031,265,10,4
1111,1032,350,10,4
1111,1033,80,10,4
1111,1034,117,10,4
1111,1035,170,10,4
1111,1036,215,10,4
1111,1037,426,10,4
1111,1038,455,10,4
1111,1039,247,10,4
1111,1040,118,10,4
1111,1041,193,10,4
1111,1042,424,10,4
1111,1043,484,10,4
1111,1044,164,10,4
1111,1045,123,10,4
1111,1046,187,10,4
1111,1047,103,10,4
1111,1048,137,10,4
1111,1049,317,10,4
1111,1050,183,10,4
1111,1051,278,10,4
1111,1052,254,10,4
1111,1053,264,10,4
1111,1054,307,10,4
1111,1055,435,10,4
1111,1056,292,10,4
1111,1057,200,10,4
1111,1058,80,10,4
1111,1059,266,10,4
1111,1060,457,10,4
1111,1061,405,10,4
1111,1062,192,10,4
1111,1063,253,10,4
1111,1064,270,10,4
1111,1065,321,10,4
1111,1066,202,10,4
1111,1067,301,10,4
1111,1068,221,10,4
1111,1069,377,10,4
1111,1070,234,10,4
1111,1071,429,10,4
1111,1072,371,10,4
1111,1073,102,10,4
1111,1074,146,10,4
1111,1075,121,10,4
1111,1076,91,10,4
1111,1077,90,10,4
1111,1078,250,10,4
1111,1079,380,10,4
1111,1080,151,10,4
1111,1081,416,10,4
1111,1082,210,10,4
1111,1083,491,10,4
1111,1084,317,10,4
1111,1085,106,10,4
1111,1086,500,10,4
1111,1087,171,10,4
1111,1088,437,10,4
1111,1089,315,10,4
1111,1090,277,10,4
1111,1091,282,10,4
1111,1092,278,10,4
1111,1093,222,10,4
1111,1094,152,10,4
1111,1095,481,10,4
1111,1096,390,10,4
1111,1097,366,10,4
1111,1098,391,10,4
1111,1099,89,10,4
1111,1100,458,10,4
1111,1101,324,10,4
1111,1102,265,10,4
1111,1103,489,10,4
1111,1104,500,10,4
1111,1105,315,10,4
1111,1106,294,10,4
1111,1107,188,10,4
1111,1108,349,10,4
1111,1109,351,10,4
1111,1110,186,10,4
1111,1111,389,10,4
1111,1112,315,10,4
1111,1113,208,10,4
1111,1114,91,10,4
1111,1115,262,10,4
1111,1116,90,10,4
1111,1117,185,10,4
1111,1118,267,10,4
1111,1119,310,10,4
1111,1120,198,10,4
1111,1121,289,10,4
1111,1122,92,10,4
1111,1123,398,10,4
1111,1124,159,10,4
1111,1125,387,10,4
1111,1126,112,10,4
1111,1127,176,10,4
1111,1128,311,10,4
1111,1129,229,10,4
1111,1130,396,10,4
1111,1131,112,10,4
1111,1132,435,10,4
1111,1133,125,10,4
1111,1134,263,10,4
1111,1135,330,10,4
1111,1136,344,10,4
1111,1137,260,10,4
1111,1138,160,10,4
1111,1139,297,10,4
1111,1140,199,10,4
1111,1141,103,10,4
1111,1142,193,10,4
1111,1143,141,10,4
1111,1144,223,10,4
1111,1145,483,10,4
1111,1146,126,10,4
1111,1147,421,10,4
1111,1148,189,10,4
1111,1149,224,10,4
1111,1150,440,10,4
1111,1151,434,10,4
1111,1152,470,10,4
1111,1153,156,10,4
1111,1154,186,10,4
1111,1155,159,10,4
1111,1156,95,10,4
1111,1157,420,10,4
1111,1158,282,10,4
1111,1159,419,10,4
1111,1160,202,10,4
1111,1161,340,10,4
1111,1162,207,10,4
1111,1163,406,10,4
1111,1164,223,10,4
1111,1165,217,10,4
1111,1166,272,10,4
1111,1167,254,10,4
1111,1168,387,10,4
1111,1169,205,10,4
1111,1170,275,10,4
1111,1171,318,10,4
1111,1172,388,10,4
1111,1173,370,10,4
1111,1174,335,10,4
1111,1175,331,10,4
1111,1176,328,10,4
1111,1177,420,10,4
1111,1178,150,10,4
1111,1179,395,10,4
1111,1180,162,10,4
1111,1181,245,10,4
1111,1182,84,10,4
1111,1183,473,10,4
1111,1184,213,10,4
1111,1185,260,10,4
1111,1186,445,10,4
1111,1187,484,10,4
1111,1188,137,10,4
1111,1189,374,10,4
1111,1190,162,10,4
1111,1191,410,10,4
1111,1192,203,10,4
1111,1193,308,10,4
1111,1194,331,10,4
1111,1195,462,10,4
1111,1196,303,10,4
1111,1197,380,10,4
1111,1198,265,10,4
1111,1199,244,10,4
1111,1200,460,10,4
1111,1201,415,10,4
1111,1202,146,10,4
1111,1203,265,10,4
1111,1204,457,10,4
1111,1205,378,10,4
1111,1206,202,10,4
1111,1207,414,10,4
1111,1208,119,10,4
1111,1209,446,10,4
1111,1210,473,10,4
1111,1211,110,10,4
1111,1212,372,10,4
1111,1213,340,10,4
1111,1214,423,10,4
1111,1215,364,10,4
1111,1216,472,10,4
1111,1217,375,10,4
1111,1218,423,10,4
1111,1219,476,10,4
1111,1220,361,10,4
1111,1221,200,10,4
1111,1222,287,10,4
1111,1223,377,10,4
1111,1224,268,10,4
1111,1225,159,10,4
1111,1226,233,10,4
1111,1227,185,10,4
1111,1228,455,10,4
1111,1229,159,10,4
1111,1230,203,10,4
1111,1231,212,10,4
1111,1232,344,10,4
1111,1233,182,10,4
1111,1234,348,10,4
1111,1235,116,10,4
1111,1236,242,10,4
1111,1237,268,10,4
1111,1238,172,10,4
1111,1239,491,10,4
1111,1240,452,10,4
1111,1241,378,10,4
1111,1242,91,10,4
1111,1243,481,10,4
1111,1244,317,10,4
1111,1245,361,10,4
1111,1246,297,10,4
1111,1247,120,10,4
1111,1248,274,10,4
1111,1249,334,10,4
1111,1250,419,10,4
1111,1251,492,10,4
1111,1252,268,10,4
1111,1253,198,10,4
1111,1254,89,10,4
1111,1255,354,10,4
1111,1256,113,10,4
1111,1257,189,10,4
1111,1258,282,10,4
1111,1259,99,10,4
1111,1260,139,10,4
1111,1261,99,10,4
1111,1262,308,10,4
1111,1263,128,10,4
1111,1264,348,10,4
1111,1265,343,10,4
1111,1266,440,10,4
1111,1267,491,10,4
1111,1268,477,10,4
1111,1269,178,10,4
1111,1270,346,10,4
1111,1271,292,10,4
1111,1272,439,10,4
1111,1273,196,10,4
1111,1274,270,10,4
1111,1275,258,10,4
1111,1276,406,10,4
1111,1277,266,10,4
1111,1278,119,10,4
1111,1279,288,10,4
1111,1280,251,10,4
1111,1281,470,10,4
1111,1282,89,10,4
1111,1283,163,10,4
1111,1284,227,10,4
1111,1285,492,10,4
1111,1286,435,10,4
1111,1287,490,10,4
1111,1288,316,10,4
1111,1289,379,10,4
1111,1290,244,10,4
1111,1291,423,10,4
1111,1292,316,10,4
1111,1293,130,10,4
1111,1294,303,10,4
1111,1295,303,10,4
1111,1296,172,10,4
1111,1297,179,10,4
1111,1298,319,10,4
1111,1299,317,10,4
1111,1300,454,10,4
1111,1301,248,10,4
1111,1302,98,10,4
1111,1303,281,10,4
1111,1304,179,10,4
1111,1305,496,10,4
1111,1306,455,10,4
1111,1307,399,10,4
1111,1308,176,10,4
1111,1309,96,10,4
1111,1310,359,10,4
1111,1311,430,10,4
1111,1312,323,10,4
1111,1313,239,10,4
1111,1314,343,10,4
1111,1315,159,10,4
1111,1316,221,10,4
1111,1317,87,10,4
1111,1318,227,10,4
1111,1319,211,10,4
1111,1320,89,10,4
1111,1321,220,10,4
1111,1322,102,10,4
1111,1323,113,10,4
1111,1324,413,10,4
1111,1325,132,10,4
1111,1326,497,10,4
1111,1327,366,10,4
1111,1328,490,10,4
1111,1329,107,10,4
1111,1330,452,10,4
1111,1331,196,10,4
1111,1332,338,10,4
1111,1333,283,10,4
1111,1334,432,10,4
1111,1335,259,10,4
1111,1336,383,10,4
1111,1337,385,10,4
1111,1338,416,10,4
1111,1339,180,10,4
1111,1340,319,10,4
1111,1341,342,10,4
1111,1342,459,10,4
1111,1343,440,10,4
1111,1344,268,10,4
1111,1345,151,10,4
1111,1346,258,10,4
1111,1347,154,10,4
1111,1348,379,10,4
1111,1349,415,10,4
1111,1350,239,10,4
1111,1351,284,10,4
1111,1352,90,10,4
1111,1353,479,10,4
1111,1354,406,10,4
1111,1355,222,10,4
1111,1356,372,10,4
1111,1357,184,10,4
1111,1358,459,10,4
1111,1359,243,10,4
1111,1360,134,10,4
1111,1361,375,10,4
1111,1362,157,10,4
1111,1363,317,10,4
1111,1364,493,10,4
1111,1365,322,10,4
1111,1366,492,10,4
1111,1367,397,10,4
1111,1368,81,10,4
1111,1369,169,10,4
1111,1370,93,10,4
1111,1371,413,10,4
1111,1372,143,10,4
1111,1373,379,10,4
1111,1374,138,10,4
1111,1375,327,10,4
1111,1376,167,10,4
1111,1377,236,10,4
1111,1378,116,10,4
1111,1379,403,10,4
1111,1380,294,10,4
1111,1381,130,10,4
1111,1382,87,10,4
1111,1383,458,10,4
1111,1384,424,10,4
1111,1385,412,10,4
1111,1386,228,10,4
1111,1387,153,10,4
1111,1388,165,10,4
1111,1389,116,10,4
1111,1390,263,10,4
1111,1391,149,10,4
1111,1392,87,10,4
1111,1393,358,10,4
1111,1394,378,10,4
1111,1395,167,10,4
1111,1396,97,10,4
1111,1397,485,10,4
1111,1398,115,10,4
1111,1399,93,10,4
1111,1400,228,10,4
1111,1401,483,10,4
1111,1402,375,10,4
1111,1403,205,10,4
1111,1404,385,10,4
1111,1405,245,10,4
1111,1406,325,10,4
1111,1407,395,10,4
1111,1408,313,10,4
1111,1409,252,10,4
1111,1410,115,10,4
1111,1411,293,10,4
1111,1412,100,10,4
1111,1413,349,10,4
1111,1414,493,10,4
1111,1415,400,10,4
1111,1416,307,10,4
1111,1417,416,10,4
1111,1418,239,10,4
1111,1419,337,10,4
1111,1420,202,10,4
1111,1421,334,10,4
1111,1422,265,10,4
1111,1423,89,10,4
1111,1424,135,10,4
1111,1425,194,10,4
1111,1426,164,10,4
1111,1427,168,10,4
1111,1428,192,10,4
1111,1429,371,10,4
1111,1430,337,10,4
1111,1431,396,10,4
1111,1432,457,10,4
1111,1433,390,10,4
1111,1434,119,10,4
1111,1435,152,10,4
1111,1436,145,10,4
1111,1437,475,10,4
1111,1438,214,10,4
1111,1439,442,10,4
1111,1440,489,10,4
1111,1441,382,10,4
1111,1442,497,10,4
1111,1443,272,10,4
1111,1444,441,10,4
1111,1445,88,10,4
1111,1446,262,10,4
1111,1447,402,10,4
1111,1448,178,10,4
1111,1449,359,10,4
1111,1450,426,10,4
1111,1451,110,10,4
1111,1452,349,10,4
1111,1453,190,10,4
1111,1454,161,10,4
1111,1455,392,10,4
1111,1456,204,10,4
1111,1457,398,10,4
1111,1458,264,10,4
1111,1459,206,10,4
1111,1460,490,10,4
1111,1461,268,10,4
1111,1462,144,10,4
1111,1463,495,10,4
1111,1464,174,10,4
1111,1465,187,10,4
1111,1466,324,10,4
1111,1467,89,10,4
1111,1468,485,10,4
1111,1469,99,10,4
1111,1470,94,10,4
1111,1471,375,10,4
1111,1472,160,10,4
1111,1473,395,10,4
1111,1474,447,10,4
1111,1475,331,10,4
1111,1476,424,10,4
1111,1477,83,10,4
1111,1478,306,10,4
1111,1479,81,10,4
1111,1480,338,10,4
1111,1481,315,10,4
1111,1482,279,10,4
1111,1483,256,10,4
1111,1484,389,10,4
1111,1485,262,10,4
1111,1486,351,10,4
1111,1487,99,10,4
1111,1488,456,10,4
1111,1489,233,10,4
1111,1490,495,10,4
1111,1491,436,10,4
1111,1492,170,10,4
1111,1493,133,10,4
1111,1494,420,10,4
1111,1495,397,10,4
1111,1496,398,10,4
1111,1497,479,10,4
1111,1498,418,10,4
1111,1499,164,10,4
1111,1500,328,10,4
2222,1001,491,20,7
2222,1002,130,20,7
2222,1003,397,20,7
2222,1004,154,20,7
2222,1005,284,20,7
2222,1006,388,20,7
2222,1007,141,20,7
2222,1008,203,20,7
2222,1009,102,20,7
2222,1010,215,20,7
2222,1011,388,20,7
2222,1012,424,20,7
2222,1013,291,20,7
2222,1014,454,20,7
2222,1015,265,20,7
2222,1016,333,20,7
2222,1017,283,20,7
2222,1018,398,20,7
2222,1019,306,20,7
2222,1020,312,20,7
2222,1021,239,20,7
2222,1022,404,20,7
2222,1023,268,20,7
2222,1024,383,20,7
2222,1025,235,20,7
2222,1026,113,20,7
2222,1027,413,20,7
2222,1028,446,20,7
2222,1029,91,20,7
2222,1030,158,20,7
2222,1031,168,20,7
2222,1032,336,20,7
2222,1033,114,20,7
2222,1034,359,20,7
2222,1035,257,20,7
2222,1036,133,20,7
2222,1037,302,20,7
2222,1038,338,20,7
2222,1039,197,20,7
2222,1040,177,20,7
2222,1041,411,20,7
2222,1042,340,20,7
2222,1043,103,20,7
2222,1044,92,20,7
2222,1045,331,20,7
2222,1046,424,20,7
2222,1047,80,20,7
2222,1048,385,20,7
2222,1049,343,20,7
2222,1050,259,20,7
2222,1051,196,20,7
2222,1052,329,20,7
2222,1053,431,20,7
2222,1054,196,20,7
2222,1055,112,20,7
2222,1056,496,20,7
2222,1057,134,20,7
2222,1058,216,20,7
2222,1059,367,20,7
2222,1060,422,20,7
2222,1061,393,20,7
2222,1062,125,20,7
2222,1063,337,20,7
2222,1064,284,20,7
2222,1065,423,20,7
2222,1066,459,20,7
2222,1067,302,20,7
2222,1068,204,20,7
2222,1069,87,20,7
2222,1070,126,20,7
2222,1071,460,20,7
2222,1072,245,20,7
2222,1073,174,20,7
2222,1074,154,20,7
2222,1075,467,20,7
2222,1076,235,20,7
2222,1077,335,20,7
2222,1078,484,20,7
2222,1079,155,20,7
2222,1080,495,20,7
2222,1081,469,20,7
2222,1082,468,20,7
2222,1083,296,20,7
2222,1084,338,20,7
2222,1085,299,20,7
2222,1086,278,20,7
2222,1087,370,20,7
2222,1088,160,20,7
2222,1089,441,20,7
2222,1090,117,20,7
2222,1091,479,20,7
2222,1092,351,20,7
2222,1093,392,20,7
2222,1094,435,20,7
2222,1095,413,20,7
2222,1096,394,20,7
2222,1097,245,20,7
2222,1098,422,20,7
2222,1099,385,20,7
2222,1100,115,20,7
2222,1101,412,20,7
2222,1102,177,20,7
2222,1103,415,20,7
2222,1104,85,20,7
2222,1105,132,20,7
2222,1106,238,20,7
2222,1107,478,20,7
2222,1108,294,20,7
2222,1109,358,20,7
2222,1110,316,20,7
2222,1111,411,20,7
2222,1112,493,20,7
2222,1113,236,20,7
2222,1114,108,20,7
2222,1115,246,20,7
2222,1116,176,20,7
2222,1117,95,20,7
2222,1118,293,20,7
2222,1119,253,20,7
2222,1120,120,20,7
2222,1121,247,20,7
2222,1122,107,20,7
2222,1123,383,20,7
2222,1124,377,20,7
2222,1125,305,20,7
2222,1126,92,20,7
2222,1127,488,20,7
2222,1128,249,20,7
2222,1129,138,20,7
2222,1130,383,20,7
2222,1131,385,20,7
2222,1132,414,20,7
2222,1133,96,20,7
2222,1134,496,20,7
2222,1135,481,20,7
2222,1136,329,20,7
2222,1137,264,20,7
2222,1138,245,20,7
2222,1139,222,20,7
2222,1140,201,20,7
2222,1141,411,20,7
2222,1142,96,20,7
2222,1143,94,20,7
2222,1144,161,20,7
2222,1145,128,20,7
2222,1146,343,20,7
2222,1147,333,20,7
2222,1148,118,20,7
2222,1149,438,20,7
2222,1150,443,20,7
2222,1151,221,20,7
2222,1152,266,20,7
2222,1153,106,20,7
2222,1154,219,20,7
2222,1155,181,20,7
2222,1156,323,20,7
2222,1157,400,20,7
2222,1158,278,20,7
2222,1159,313,20,7
2222,1160,338,20,7
2222,1161,391,20,7
2222,1162,121,20,7
2222,1163,378,20,7
2222,1164,236,20,7
2222,1165,299,20,7
2222,1166,182,20,7
2222,1167,250,20,7
2222,1168,375,20,7
2222,1169,196,20,7
2222,1170,338,20,7
2222,1171,499,20,7
2222,1172,224,20,7
2222,1173,272,20,7
2222,1174,347,20,7
2222,1175,200,20,7
2222,1176,359,20,7
2222,1177,488,20,7
2222,1178,340,20,7
2222,1179,311,20,7
2222,1180,470,20,7
2222,1181,438,20,7
2222,1182,310,20,7
2222,1183,407,20,7
2222,1184,474,20,7
2222,1185,298,20,7
2222,1186,333,20,7
2222,1187,233,20,7
2222,1188,332,20,7
2222,1189,421,20,7
2222,1190,173,20,7
2222,1191,85,20,7
2222,1192,290,20,7
2222,1193,101,20,7
2222,1194,456,20,7
2222,1195,115,20,7
2222,1196,106,20,7
2222,1197,315,20,7
2222,1198,147,20,7
2222,1199,436,20,7
2222,1200,330,20,7
2222,1201,88,20,7
2222,1202,395,20,7
2222,1203,92,20,7
2222,1204,329,20,7
2222,1205,368,20,7
2222,1206,330,20,7
2222,1207,250,20,7
2222,1208,294,20,7
2222,1209,203,20,7
2222,1210,91,20,7
2222,1211,286,20,7
2222,1212,488,20,7
2222,1213,296,20,7
2222,1214,367,20,7
2222,1215,352,20,7
2222,1216,358,20,7
2222,1217,187,20,7
2222,1218,277,20,7
2222,1219,406,20,7
2222,1220,102,20,7
2222,1221,281,20,7
2222,1222,330,20,7
2222,1223,339,20,7
2222,1224,391,20,7
2222,1225,266,20,7
2222,1226,168,20,7
2222,1227,199,20,7
2222,1228,319,20,7
2222,1229,491,20,7
2222,1230,400,20,7
2222,1231,436,20,7
2222,1232,381,20,7
2222,1233,270,20,7
2222,1234,86,20,7
2222,1235,350,20,7
2222,1236,273,20,7
2222,1237,480,20,7
2222,1238,102,20,7
2222,1239,307,20,7
2222,1240,378,20,7
2222,1241,423,20,7
2222,1242,213,20,7
2222,1243,489,20,7
2222,1244,414,20,7
2222,1245,165,20,7
2222,1246,416,20,7
2222,1247,313,20,7
2222,1248,209,20,7
2222,1249,143,20,7
2222,1250,310,20,7
2222,1251,453,20,7
2222,1252,429,20,7
2222,1253,175,20,7
2222,1254,429,20,7
2222,1255,343,20,7
2222,1256,236,20,7
2222,1257,147,20,7
2222,1258,269,20,7
2222,1259,489,20,7
2222,1260,255,20,7
2222,1261,147,20,7
2222,1262,378,20,7
2222,1263,314,20,7
2222,1264,492,20,7
2222,1265,302,20,7
2222,1266,126,20,7
2222,1267,297,20,7
2222,1268,270,20,7
2222,1269,247,20,7
2222,1270,391,20,7
2222,1271,487,20,7
2222,1272,139,20,7
2222,1273,431,20,7
2222,1274,321,20,7
2222,1275,140,20,7
2222,1276,201,20,7
2222,1277,443,20,7
2222,1278,320,20,7
2222,1279,385,20,7
2222,1280,372,20,7
2222,1281,402,20,7
2222,1282,252,20,7
2222,1283,275,20,7
2222,1284,155,20,7
2222,1285,277,20,7
2222,1286,398,20,7
2222,1287,195,20,7
2222,1288,201,20,7
2222,1289,481,20,7
2222,1290,262,20,7
2222,1291,197,20,7
2222,1292,101,20,7
2222,1293,122,20,7
2222,1294,171,20,7
2222,1295,85,20,7
2222,1296,160,20,7
2222,1297,366,20,7
2222,1298,452,20,7
2222,1299,390,20,7
2222,1300,124,20,7
2222,1301,330,20,7
2222,1302,147,20,7
2222,1303,172,20,7
2222,1304,213,20,7
2222,1305,429,20,7
2222,1306,193,20,7
2222,1307,376,20,7
2222,1308,347,20,7
2222,1309,277,20,7
2222,1310,313,20,7
2222,1311,144,20,7
2222,1312,292,20,7
2222,1313,446,20,7
2222,1314,226,20,7
2222,1315,107,20,7
2222,1316,203,20,7
2222,1317,85,20,7
2222,1318,202,20,7
2222,1319,486,20,7
2222,1320,235,20,7
2222,1321,381,20,7
2222,1322,426,20,7
2222,1323,118,20,7
2222,1324,495,20,7
2222,1325,426,20,7
2222,1326,228,20,7
2222,1327,182,20,7
2222,1328,80,20,7
2222,1329,108,20,7
2222,1330,207,20,7
2222,1331,264,20,7
2222,1332,375,20,7
2222,1333,199,20,7
2222,1334,319,20,7
2222,1335,369,20,7
2222,1336,280,20,7
2222,1337,132,20,7
2222,1338,414,20,7
2222,1339,408,20,7
2222,1340,280,20,7
2222,1341,197,20,7
2222,1342,165,20,7
2222,1343,360,20,7
2222,1344,130,20,7
2222,1345,86,20,7
2222,1346,322,20,7
2222,1347,145,20,7
2222,1348,182,20,7
2222,1349,341,20,7
2222,1350,336,20,7
2222,1351,261,20,7
2222,1352,405,20,7
2222,1353,192,20,7
2222,1354,462,20,7
2222,1355,488,20,7
2222,1356,316,20,7
2222,1357,437,20,7
2222,1358,308,20,7
2222,1359,270,20,7
2222,1360,207,20,7
2222,1361,388,20,7
2222,1362,422,20,7
2222,1363,470,20,7
2222,1364,430,20,7
2222,1365,85,20,7
2222,1366,265,20,7
2222,1367,272,20,7
2222,1368,89,20,7
2222,1369,141,20,7
2222,1370,222,20,7
2222,1371,469,20,7
2222,1372,83,20,7
2222,1373,99,20,7
2222,1374,167,20,7
2222,1375,274,20,7
2222,1376,262,20,7
2222,1377,135,20,7
2222,1378,104,20,7
2222,1379,246,20,7
2222,1380,278,20,7
2222,1381,136,20,7
2222,1382,429,20,7
2222,1383,388,20,7
2222,1384,83,20,7
2222,1385,308,20,7
2222,1386,493,20,7
2222,1387,478,20,7
2222,1388,235,20,7
2222,1389,434,20,7
2222,1390,87,20,7
2222,1391,257,20,7
2222,1392,384,20,7
2222,1393,311,20,7
2222,1394,212,20,7
2222,1395,152,20,7
2222,1396,209,20,7
2222,1397,211,20,7
2222,1398,244,20,7
2222,1399,281,20,7
2222,1400,369,20,7
2222,1401,281,20,7
2222,1402,113,20,7
2222,1403,281,20,7
2222,1404,260,20,7
2222,1405,153,20,7
2222,1406,254,20,7
2222,1407,390,20,7
2222,1408,152,20,7
2222,1409,172,20,7
2222,1410,313,20,7
2222,1411,462,20,7
2222,1412,257,20,7
2222,1413,464,20,7
2222,1414,403,20,7
2222,1415,83,20,7
2222,1416,495,20,7
2222,1417,177,20,7
2222,1418,252,20,7
2222,1419,298,20,7
2222,1420,90,20,7
2222,1421,117,20,7
2222,1422,372,20,7
2222,1423,238,20,7
2222,1424,166,20,7
2222,1425,267,20,7
2222,1426,264,20,7
2222,1427,159,20,7
2222,1428,173,20,7
2222,1429,140,20,7
2222,1430,395,20,7
2222,1431,252,20,7
2222,1432,371,20,7
2222,1433,438,20,7
2222,1434,269,20,7
2222,1435,298,20,7
2222,1436,437,20,7
2222,1437,247,20,7
2222,1438,175,20,7
2222,1439,225,20,7
2222,1440,387,20,7
2222,1441,430,20,7
2222,1442,409,20,7
2222,1443,376,20,7
2222,1444,478,20,7
2222,1445,372,20,7
2222,1446,187,20,7
2222,1447,148,20,7
2222,1448,488,20,7
2222,1449,305,20,7
2222,1450,425,20,7
2222,1451,497,20,7
2222,1452,470,20,7
2222,1453,222,20,7
2222,1454,454,20,7
2222,1455,91,20,7
2222,1456,128,20,7
2222,1457,348,20,7
2222,1458,446,20,7
2222,1459,177,20,7
2222,1460,346,20,7
2222,1461,253,20,7
2222,1462,237,20,7
2222,1463,374,20,7
2222,1464,146,20,7
2222,1465,131,20,7
2222,1466,176,20,7
2222,1467,482,20,7
2222,1468,308,20,7
2222,1469,95,20,7
2222,1470,150,20,7
2222,1471,286,20,7
2222,1472,110,20,7
2222,1473,201,20,7
2222,1474,341,20,7
2222,1475,83,20,7
2222,1476,192,20,7
2222,1477,260,20,7
2222,1478,163,20,7
2222,1479,422,20,7
2222,1480,154,20,7
2222,1481,260,20,7
2222,1482,444,20,7
2222,1483,372,20,7
2222,1484,237,20,7
2222,1485,182,20,7
2222,1486,317,20,7
2222,1487,252,20,7
2222,1488,440,20,7
2222,1489,352,20,7
2222,1490,218,20,7
2222,1491,210,20,7
2222,1492,269,20,7
2222,1493,403,20,7
2222,1494,215,20,7
2222,1495,409,20,7
2222,1496,477,20,7
2222,1497,403,20,7
2222,1498,109,20,7
2222,1499,85,20,7
2222,1500,436,20,7
3333,1001,334,20,9
3333,1002,161,20,9
3333,1003,224,20,9
3333,1004,421,20,9
3333,1005,170,20,9
3333,1006,257,20,9
3333,1007,237,20,9
3333,1008,247,20,9
3333,1009,431,20,9
3333,1010,379,20,9
3333,1011,208,20,9
3333,1012,241,20,9
3333,1013,373,20,9
3333,1014,357,20,9
3333,1015,250,20,9
3333,1016,231,20,9
3333,1017,361,20,9
3333,1018,320,20,9
3333,1019,150,20,9
3333,1020,445,20,9
3333,1021,206,20,9
3333,1022,157,20,9
3333,1023,379,20,9
3333,1024,237,20,9
3333,1025,125,20,9
3333,1026,387,20,9
3333,1027,460,20,9
3333,1028,112,20,9
3333,1029,148,20,9
3333,1030,365,20,9
3333,1031,98,20,9
3333,1032,80,20,9
3333,1033,188,20,9
3333,1034,125,20,9
3333,1035,207,20,9
3333,1036,294,20,9
3333,1037,312,20,9
3333,1038,280,20,9
3333,1039,264,20,9
3333,1040,219,20,9
3333,1041,144,20,9
3333,1042,472,20,9
3333,1043,325,20,9
3333,1044,298,20,9
3333,1045,363,20,9
3333,1046,407,20,9
3333,1047,475,20,9
3333,1048,136,20,9
3333,1049,274,20,9
3333,1050,208,20,9
3333,1051,441,20,9
3333,1052,455,20,9
3333,1053,401,20,9
3333,1054,352,20,9
3333,1055,484,20,9
3333,1056,253,20,9
3333,1057,419,20,9
3333,1058,419,20,9
3333,1059,162,20,9
3333,1060,436,20,9
3333,1061,362,20,9
3333,1062,341,20,9
3333,1063,186,20,9
3333,1064,266,20,9
3333,1065,256,20,9
3333,1066,229,20,9
3333,1067,422,20,9
3333,1068,341,20,9
3333,1069,101,20,9
3333,1070,290,20,9
3333,1071,94,20,9
3333,1072,464,20,9
3333,1073,98,20,9
3333,1074,440,20,9
3333,1075,231,20,9
3333,1076,350,20,9
3333,1077,495,20,9
3333,1078,160,20,9
3333,1079,313,20,9
3333,1080,316,20,9
3333,1081,304,20,9
3333,1082,196,20,9
3333,1083,280,20,9
3333,1084,244,20,9
3333,1085,424,20,9
3333,1086,358,20,9
3333,1087,484,20,9
3333,1088,412,20,9
3333,1089,471,20,9
3333,1090,207,20,9
3333,1091,462,20,9
3333,1092,271,20,9
3333,1093,242,20,9
3333,1094,309,20,9
3333,1095,369,20,9
3333,1096,122,20,9
3333,1097,212,20,9
3333,1098,80,20,9
3333,1099,237,20,9
3333,1100,103,20,9
3333,1101,349,20,9
3333,1102,392,20,9
3333,1103,208,20,9
3333,1104,467,20,9
3333,1105,124,20,9
3333,1106,93,20,9
3333,1107,132,20,9
3333,1108,196,20,9
3333,1109,196,20,9
3333,1110,395,20,9
3333,1111,477,20,9
3333,1112,113,20,9
3333,1113,106,20,9
3333,1114,251,20,9
3333,1115,196,20,9
3333,1116,388,20,9
3333,1117,495,20,9
3333,1118,401,20,9
3333,1119,173,20,9
3333,1120,424,20,9
3333,1121,497,20,9
3333,1122,422,20,9
3333,1123,248,20,9
3333,1124,263,20,9
3333,1125,379,20,9
3333,1126,109,20,9
3333,1127,447,20,9
3333,1128,289,20,9
3333,1129,398,20,9
3333,1130,155,20,9
3333,1131,387,20,9
3333,1132,456,20,9
3333,1133,415,20,9
3333,1134,353,20,9
3333,1135,210,20,9
3333,1136,465,20,9
3333,1137,243,20,9
3333,1138,441,20,9
3333,1139,218,20,9
3333,1140,100,20,9
3333,1141,358,20,9
3333,1142,130,20,9
3333,1143,231,20,9
3333,1144,403,20,9
3333,1145,481,20,9
3333,1146,151,20,9
3333,1147,283,20,9
3333,1148,197,20,9
3333,1149,459,20,9
3333,1150,488,20,9
3333,1151,347,20,9
3333,1152,219,20,9
3333,1153,293,20,9
3333,1154,496,20,9
3333,1155,400,20,9
3333,1156,424,20,9
3333,1157,428,20,9
3333,1158,226,20,9
3333,1159,133,20,9
3333,1160,300,20,9
3333,1161,199,20,9
3333,1162,465,20,9
3333,1163,289,20,9
3333,1164,219,20,9
3333,1165,197,20,9
3333,1166,122,20,9
3333,1167,104,20,9
3333,1168,420,20,9
3333,1169,419,20,9
3333,1170,416,20,9
3333,1171,115,20,9
3333,1172,282,20,9
3333,1173,242,20,9
3333,1174,360,20,9
3333,1175,495,20,9
3333,1176,250,20,9
3333,1177,166,20,9
3333,1178,270,20,9
3333,1179,203,20,9
3333,1180,334,20,9
3333,1181,244,20,9
3333,1182,150,20,9
3333,1183,85,20,9
3333,1184,91,20,9
3333,1185,175,20,9
3333,1186,202,20,9
3333,1187,153,20,9
3333,1188,99,20,9
3333,1189,456,20,9
3333,1190,468,20,9
3333,1191,169,20,9
3333,1192,248,20,9
3333,1193,473,20,9
3333,1194,254,20,9
3333,1195,230,20,9
3333,1196,322,20,9
3333,1197,296,20,9
3333,1198,309,20,9
3333,1199,395,20,9
3333,1200,266,20,9
3333,1201,476,20,9
3333,1202,338,20,9
3333,1203,247,20,9
3333,1204,95,20,9
3333,1205,439,20,9
3333,1206,350,20,9
3333,1207,404,20,9
3333,1208,109,20,9
3333,1209,347,20,9
3333,1210,437,20,9
3333,1211,477,20,9
3333,1212,117,20,9
3333,1213,157,20,9
3333,1214,475,20,9
3333,1215,151,20,9
3333,1216,128,20,9
3333,1217,363,20,9
3333,1218,363,20,9
3333,1219,401,20,9
3333,1220,272,20,9
3333,1221,109,20,9
3333,1222,324,20,9
3333,1223,385,20,9
3333,1224,436,20,9
3333,1225,301,20,9
3333,1226,342,20,9
3333,1227,138,20,9
3333,1228,493,20,9
3333,1229,358,20,9
3333,1230,225,20,9
3333,1231,188,20,9
3333,1232,293,20,9
3333,1233,226,20,9
3333,1234,289,20,9
3333,1235,200,20,9
3333,1236,145,20,9
3333,1237,196,20,9
3333,1238,388,20,9
3333,1239,388,20,9
3333,1240,130,20,9
3333,1241,420,20,9
3333,1242,85,20,9
3333,1243,182,20,9
3333,1244,382,20,9
3333,1245,166,20,9
3333,1246,186,20,9
3333,1247,383,20,9
3333,1248,298,20,9
3333,1249,344,20,9
3333,1250,492,20,9
3333,1251,253,20,9
3333,1252,270,20,9
3333,1253,230,20,9
3333,1254,284,20,9
3333,1255,472,20,9
3333,1256,469,20,9
3333,1257,127,20,9
3333,1258,366,20,9
3333,1259,208,20,9
3333,1260,262,20,9
3333,1261,255,20,9
3333,1262,463,20,9
3333,1263,153,20,9
3333,1264,232,20,9
3333,1265,111,20,9
3333,1266,212,20,9
3333,1267,315,20,9
3333,1268,450,20,9
3333,1269,382,20,9
3333,1270,88,20,9
3333,1271,304,20,9
3333,1272,417,20,9
3333,1273,232,20,9
3333,1274,491,20,9
3333,1275,293,20,9
3333,1276,83,20,9
3333,1277,142,20,9
3333,1278,93,20,9
3333,1279,222,20,9
3333,1280,280,20,9
3333,1281,94,20,9
3333,1282,442,20,9
3333,1283,121,20,9
3333,1284,258,20,9
3333,1285,82,20,9
3333,1286,223,20,9
3333,1287,205,20,9
3333,1288,122,20,9
3333,1289,129,20,9
3333,1290,134,20,9
3333,1291,431,20,9
3333,1292,239,20,9
3333,1293,98,20,9
3333,1294,128,20,9
3333,1295,419,20,9
3333,1296,395,20,9
3333,1297,146,20,9
3333,1298,344,20,9
3333,1299,221,20,9
3333,1300,403,20,9
3333,1301,406,20,9
3333,1302,211,20,9
3333,1303,112,20,9
3333,1304,352,20,9
3333,1305,186,20,9
3333,1306,392,20,9
3333,1307,219,20,9
3333,1308,282,20,9
3333,1309,129,20,9
3333,1310,341,20,9
3333,1311,379,20,9
3333,1312,98,20,9
3333,1313,290,20,9
3333,1314,256,20,9
3333,1315,183,20,9
3333,1316,286,20,9
3333,1317,106,20,9
3333,1318,304,20,9
3333,1319,307,20,9
3333,1320,220,20,9
3333,1321,350,20,9
3333,1322,444,20,9
3333,1323,251,20,9
3333,1324,82,20,9
3333,1325,191,20,9
3333,1326,187,20,9
3333,1327,226,20,9
3333,1328,341,20,9
3333,1329,175,20,9
3333,1330,493,20,9
3333,1331,152,20,9
3333,1332,128,20,9
3333,1333,442,20,9
3333,1334,434,20,9
3333,1335,402,20,9
3333,1336,203,20,9
3333,1337,255,20,9
3333,1338,80,20,9
3333,1339,150,20,9
3333,1340,446,20,9
3333,1341,267,20,9
3333,1342,312,20,9
3333,1343,98,20,9
3333,1344,175,20,9
3333,1345,368,20,9
3333,1346,482,20,9
3333,1347,269,20,9
3333,1348,155,20,9
3333,1349,290,20,9
3333,1350,290,20,9
3333,1351,356,20,9
3333,1352,338,20,9
3333,1353,318,20,9
3333,1354,361,20,9
3333,1355,171,20,9
3333,1356,491,20,9
3333,1357,137,20,9
3333,1358,249,20,9
3333,1359,225,20,9
3333,1360,358,20,9
3333,1361,121,20,9
3333,1362,157,20,9
3333,1363,356,20,9
3333,1364,331,20,9
3333,1365,361,20,9
3333,1366,199,20,9
3333,1367,230,20,9
3333,1368,203,20,9
3333,1369,289,20,9
3333,1370,248,20,9
3333,1371,143,20,9
3333,1372,299,20,9
3333,1373,281,20,9
3333,1374,137,20,9
3333,1375,99,20,9
3333,1376,212,20,9
3333,1377,445,20,9
3333,1378,391,20,9
3333,1379,412,20,9
3333,1380,463,20,9
3333,1381,494,20,9
3333,1382,170,20,9
3333,1383,256,20,9
3333,1384,458,20,9
3333,1385,386,20,9
3333,1386,222,20,9
3333,1387,338,20,9
3333,1388,476,20,9
3333,1389,125,20,9
3333,1390,442,20,9
3333,1391,187,20,9
3333,1392,370,20,9
3333,1393,299,20,9
3333,1394,485,20,9
3333,1395,277,20,9
3333,1396,197,20,9
3333,1397,481,20,9
3333,1398,485,20,9
3333,1399,180,20,9
3333,1400,456,20,9
3333,1401,474,20,9
3333,1402,335,20,9
3333,1403,184,20,9
3333,1404,380,20,9
3333,1405,407,20,9
3333,1406,472,20,9
3333,1407,473,20,9
3333,1408,293,20,9
3333,1409,488,20,9
3333,1410,446,20,9
3333,1411,319,20,9
3333,1412,490,20,9
3333,1413,169,20,9
3333,1414,127,20,9
3333,1415,247,20,9
3333,1416,95,20,9
3333,1417,420,20,9
3333,1418,454,20,9
3333,1419,113,20,9
3333,1420,168,20,9
3333,1421,123,20,9
3333,1422,155,20,9
3333,1423,253,20,9
3333,1424,487,20,9
3333,1425,154,20,9
3333,1426,493,20,9
3333,1427,390,20,9
3333,1428,100,20,9
3333,1429,341,20,9
3333,1430,378,20,9
3333,1431,93,20,9
3333,1432,350,20,9
3333,1433,100,20,9
3333,1434,227,20,9
3333,1435,457,20,9
3333,1436,227,20,9
3333,1437,473,20,9
3333,1438,332,20,9
3333,1439,498,20,9
3333,1440,410,20,9
3333,1441,419,20,9
3333,1442,424,20,9
3333,1443,84,20,9
3333,1444,152,20,9
3333,1445,257,20,9
3333,1446,280,20,9
3333,1447,196,20,9
3333,1448,478,20,9
3333,1449,485,20,9
3333,1450,333,20,9
3333,1451,169,20,9
3333,1452,124,20,9
3333,1453,96,20,9
3333,1454,167,20,9
3333,1455,392,20,9
3333,1456,465,20,9
3333,1457,208,20,9
3333,1458,390,20,9
3333,1459,373,20,9
3333,1460,399,20,9
3333,1461,149,20,9
3333,1462,435,20,9
3333,1463,407,20,9
3333,1464,402,20,9
3333,1465,463,20,9
3333,1466,407,20,9
3333,1467,184,20,9
3333,1468,496,20,9
3333,1469,321,20,9
3333,1470,121,20,9
3333,1471,157,20,9
3333,1472,238,20,9
3333,1473,271,20,9
3333,1474,415,20,9
3333,1475,228,20,9
3333,1476,482,20,9
3333,1477,254,20,9
3333,1478,127,20,9
3333,1479,362,20,9
3333,1480,249,20,9
3333,1481,195,20,9
3333,1482,175,20,9
3333,1483,129,20,9
3333,1484,460,20,9
3333,1485,330,20,9
3333,1486,365,20,9
3333,1487,206,20,9
3333,1488,438,20,9
3333,1489,101,20,9
3333,1490,370,20,9
3333,1491,152,20,9
3333,1492,415,20,9
3333,1493,135,20,9
3333,1494,262,20,9
3333,1495,106,20,9
3333,1496,344,20,9
3333,1497,444,20,9
3333,1498,301,20,9
3333,1499,440,20,9
3333,1500,120,20,9
4444,1001,94,5,2
4444,1002,354,5,2
4444,1003,133,5,2
4444,1004,371,5,2
4444,1005,160,5,2
4444,1006,498,5,2
4444,1007,414,5,2
4444,1008,388,5,2
4444,1009,305,5,2
4444,1010,327,5,2
4444,1011,134,5,2
4444,1012,415,5,2
4444,1013,191,5,2
4444,1014,112,5,2
4444,1015,195,5,2
4444,1016,262,5,2
4444,1017,104,5,2
4444,1018,232,5,2
4444,1019,184,5,2
4444,1020,257,5,2
4444,1021,418,5,2
4444,1022,273,5,2
4444,1023,363,5,2
4444,1024,298,5,2
4444,1025,95,5,2
4444,1026,432,5,2
4444,1027,118,5,2
4444,1028,315,5,2
4444,1029,369,5,2
4444,1030,313,5,2
4444,1031,153,5,2
4444,1032,327,5,2
4444,1033,138,5,2
4444,1034,260,5,2
4444,1035,192,5,2
4444,1036,125,5,2
4444,1037,403,5,2
4444,1038,86,5,2
4444,1039,356,5,2
4444,1040,415,5,2
4444,1041,313,5,2
4444,1042,122,5,2
4444,1043,201,5,2
4444,1044,397,5,2
4444,1045,231,5,2
4444,1046,289,5,2
4444,1047,483,5,2
4444,1048,142,5,2
4444,1049,290,5,2
4444,1050,465,5,2
4444,1051,236,5,2
4444,1052,267,5,2
4444,1053,94,5,2
4444,1054,248,5,2
4444,1055,185,5,2
4444,1056,208,5,2
4444,1057,410,5,2
4444,1058,370,5,2
4444,1059,381,5,2
4444,1060,139,5,2
4444,1061,386,5,2
4444,1062,254,5,2
4444,1063,337,5,2
4444,1064,240,5,2
4444,1065,440,5,2
4444,1066,311,5,2
4444,1067,381,5,2
4444,1068,110,5,2
4444,1069,93,5,2
4444,1070,191,5,2
4444,1071,437,5,2
4444,1072,167,5,2
4444,1073,252,5,2
4444,1074,328,5,2
4444,1075,378,5,2
4444,1076,385,5,2
4444,1077,444,5,2
4444,1078,259,5,2
4444,1079,422,5,2
4444,1080,179,5,2
4444,1081,123,5,2
4444,1082,273,5,2
4444,1083,425,5,2
4444,1084,436,5,2
4444,1085,384,5,2
4444,1086,103,5,2
4444,1087,409,5,2
4444,1088,380,5,2
4444,1089,157,5,2
4444,1090,207,5,2
4444,1091,324,5,2
4444,1092,93,5,2
4444,1093,435,5,2
4444,1094,390,5,2
4444,1095,356,5,2
4444,1096,207,5,2
4444,1097,465,5,2
4444,1098,298,5,2
4444,1099,230,5,2
4444,1100,279,5,2
4444,1101,500,5,2
4444,1102,113,5,2
4444,1103,344,5,2
4444,1104,474,5,2
4444,1105,85,5,2
4444,1106,467,5,2
4444,1107,433,5,2
4444,1108,358,5,2
4444,1109,405,5,2
4444,1110,145,5,2
4444,1111,402,5,2
4444,1112,99,5,2
4444,1113,498,5,2
4444,1114,195,5,2
4444,1115,387,5,2
4444,1116,219,5,2
4444,1117,422,5,2
4444,1118,415,5,2
4444,1119,471,5,2
4444,1120,462,5,2
4444,1121,277,5,2
4444,1122,253,5,2
4444,1123,187,5,2
4444,1124,138,5,2
4444,1125,271,5,2
4444,1126,345,5,2
4444,1127,268,5,2
4444,1128,430,5,2
4444,1129,389,5,2
4444,1130,292,5,2
4444,1131,342,5,2
4444,1132,378,5,2
4444,1133,171,5,2
4444,1134,255,5,2
4444,1135,303,5,2
4444,1136,207,5,2
4444,1137,458,5,2
4444,1138,191,5,2
4444,1139,243,5,2
4444,1140,323,5,2
4444,1141,252,5,2
4444,1142,450,5,2
4444,1143,100,5,2
4444,1144,349,5,2
4444,1145,233,5,2
4444,1146,408,5,2
4444,1147,267,5,2
4444,1148,149,5,2
4444,1149,450,5,2
4444,1150,142,5,2
4444,1151,443,5,2
4444,1152,395,5,2
4444,1153,236,5,2
4444,1154,358,5,2
4444,1155,466,5,2
4444,1156,157,5,2
4444,1157,117,5,2
4444,1158,172,5,2
4444,1159,456,5,2
4444,1160,192,5,2
4444,1161,115,5,2
4444,1162,250,5,2
4444,1163,229,5,2
4444,1164,173,5,2
4444,1165,138,5,2
4444,1166,322,5,2
4444,1167,224,5,2
4444,1168,158,5,2
4444,1169,256,5,2
4444,1170,186,5,2
4444,1171,142,5,2
4444,1172,330,5,2
4444,1173,359,5,2
4444,1174,280,5,2
4444,1175,145,5,2
4444,1176,437,5,2
4444,1177,356,5,2
4444,1178,497,5,2
4444,1179,204,5,2
4444,1180,245,5,2
4444,1181,257,5,2
4444,1182,469,5,2
4444,1183,459,5,2
4444,1184,336,5,2
4444,1185,258,5,2
4444,1186,289,5,2
4444,1187,214,5,2
4444,1188,312,5,2
4444,1189,121,5,2
4444,1190,176,5,2
4444,1191,202,5,2
4444,1192,443,5,2
4444,1193,361,5,2
4444,1194,307,5,2
4444,1195,194,5,2
4444,1196,177,5,2
4444,1197,120,5,2
4444,1198,184,5,2
4444,1199,242,5,2
4444,1200,407,5,2
4444,1201,288,5,2
4444,1202,321,5,2
4444,1203,440,5,2
4444,1204,242,5,2
4444,1205,338,5,2
4444,1206,127,5,2
4444,1207,471,5,2
4444,1208,350,5,2
4444,1209,483,5,2
4444,1210,386,5,2
4444,1211,234,5,2
4444,1212,150,5,2
4444,1213,136,5,2
4444,1214,173,5,2
4444,1215,422,5,2
4444,1216,367,5,2
4444,1217,130,5,2
4444,1218,137,5,2
4444,1219,420,5,2
4444,1220,490,5,2
4444,1221,154,5,2
4444,1222,486,5,2
4444,1223,164,5,2
4444,1224,263,5,2
4444,1225,214,5,2
4444,1226,300,5,2
4444,1227,315,5,2
4444,1228,280,5,2
4444,1229,397,5,2
4444,1230,167,5,2
4444,1231,232,5,2
4444,1232,326,5,2
4444,1233,450,5,2
4444,1234,255,5,2
4444,1235,314,5,2
4444,1236,179,5,2
4444,1237,143,5,2
4444,1238,435,5,2
4444,1239,239,5,2
4444,1240,369,5,2
4444,1241,82,5,2
4444,1242,285,5,2
4444,1243,400,5,2
4444,1244,276,5,2
4444,1245,109,5,2
4444,1246,215,5,2
4444,1247,268,5,2
4444,1248,174,5,2
4444,1249,377,5,2
4444,1250,180,5,2
4444,1251,372,5,2
4444,1252,285,5,2
4444,1253,456,5,2
4444,1254,312,5,2
4444,1255,297,5,2
4444,1256,390,5,2
4444,1257,480,5,2
4444,1258,145,5,2
4444,1259,462,5,2
4444,1260,409,5,2
4444,1261,351,5,2
4444,1262,91,5,2
4444,1263,487,5,2
4444,1264,419,5,2
4444,1265,322,5,2
4444,1266,368,5,2
4444,1267,201,5,2
4444,1268,153,5,2
4444,1269,109,5,2
4444,1270,397,5,2
4444,1271,499,5,2
4444,1272,233,5,2
4444,1273,225,5,2
4444,1274,241,5,2
4444,1275,213,5,2
4444,1276,89,5,2
4444,1277,193,5,2
4444,1278,138,5,2
4444,1279,473,5,2
4444,1280,429,5,2
4444,1281,319,5,2
4444,1282,152,5,2
4444,1283,123,5,2
4444,1284,346,5,2
4444,1285,318,5,2
4444,1286,299,5,2
4444,1287,489,5,2
4444,1288,391,5,2
4444,1289,390,5,2
4444,1290,292,5,2
4444,1291,260,5,2
4444,1292,127,5,2
4444,1293,166,5,2
4444,1294,254,5,2
4444,1295,472,5,2
4444,1296,460,5,2
4444,1297,309,5,2
4444,1298,231,5,2
4444,1299,489,5,2
4444,1300,453,5,2
4444,1301,275,5,2
4444,1302,148,5,2
4444,1303,407,5,2
4444,1304,106,5,2
4444,1305,199,5,2
4444,1306,384,5,2
4444,1307,264,5,2
4444,1308,212,5,2
4444,1309,345,5,2
4444,1310,357,5,2
4444,1311,204,5,2
4444,1312,139,5,2
4444,1313,343,5,2
4444,1314,439,5,2
4444,1315,389,5,2
4444,1316,245,5,2
4444,1317,234,5,2
4444,1318,367,5,2
4444,1319,346,5,2
4444,1320,337,5,2
4444,1321,451,5,2
4444,1322,499,5,2
4444,1323,171,5,2
4444,1324,81,5,2
4444,1325,479,5,2
4444,1326,466,5,2
4444,1327,340,5,2
4444,1328,286,5,2
4444,1329,351,5,2
4444,1330,425,5,2
4444,1331,214,5,2
4444,1332,178,5,2
4444,1333,419,5,2
4444,1334,99,5,2
4444,1335,282,5,2
4444,1336,263,5,2
4444,1337,96,5,2
4444,1338,324,5,2
4444,1339,370,5,2
4444,1340,110,5,2
4444,1341,224,5,2
4444,1342,470,5,2
4444,1343,93,5,2
4444,1344,268,5,2
4444,1345,466,5,2
4444,1346,300,5,2
4444,1347,470,5,2
4444,1348,257,5,2
4444,1349,285,5,2
4444,1350,281,5,2
4444,1351,479,5,2
4444,1352,110,5,2
4444,1353,233,5,2
4444,1354,483,5,2
4444,1355,164,5,2
4444,1356,221,5,2
4444,1357,240,5,2
4444,1358,236,5,2
4444,1359,328,5,2
4444,1360,186,5,2
4444,1361,437,5,2
4444,1362,128,5,2
4444,1363,203,5,2
4444,1364,106,5,2
4444,1365,223,5,2
4444,1366,227,5,2
4444,1367,474,5,2
4444,1368,103,5,2
4444,1369,280,5,2
4444,1370,432,5,2
4444,1371,440,5,2
4444,1372,83,5,2
4444,1373,305,5,2
4444,1374,306,5,2
4444,1375,293,5,2
4444,1376,343,5,2
4444,1377,363,5,2
4444,1378,364,5,2
4444,1379,492,5,2
4444,1380,356,5,2
4444,1381,114,5,2
4444,1382,287,5,2
4444,1383,156,5,2
4444,1384,370,5,2
4444,1385,485,5,2
4444,1386,151,5,2
4444,1387,88,5,2
4444,1388,338,5,2
4444,1389,131,5,2
4444,1390,187,5,2
4444,1391,424,5,2
4444,1392,228,5,2
4444,1393,494,5,2
4444,1394,97,5,2
4444,1395,285,5,2
4444,1396,420,5,2
4444,1397,220,5,2
4444,1398,340,5,2
4444,1399,371,5,2
4444,1400,330,5,2
4444,1401,499,5,2
4444,1402,441,5,2
4444,1403,472,5,2
4444,1404,400,5,2
4444,1405,364,5,2
4444,1406,345,5,2
4444,1407,321,5,2
4444,1408,132,5,2
4444,1409,457,5,2
4444,1410,269,5,2
4444,1411,421,5,2
4444,1412,375,5,2
4444,1413,474,5,2
4444,1414,449,5,2
4444,1415,154,5,2
4444,1416,474,5,2
4444,1417,367,5,2
4444,1418,442,5,2
4444,1419,433,5,2
4444,1420,339,5,2
4444,1421,196,5,2
4444,1422,375,5,2
4444,1423,415,5,2
4444,1424,474,5,2
4444,1425,318,5,2
4444,1426,121,5,2
4444,1427,362,5,2
4444,1428,152,5,2
4444,1429,225,5,2
4444,1430,427,5,2
4444,1431,370,5,2
4444,1432,463,5,2
4444,1433,88,5,2
4444,1434,381,5,2
4444,1435,263,5,2
4444,1436,455,5,2
4444,1437,240,5,2
4444,1438,307,5,2
4444,1439,261,5,2
4444,1440,148,5,2
4444,1441,275,5,2
4444,1442,422,5,2
4444,1443,469,5,2
4444,1444,360,5,2
4444,1445,134,5,2
4444,1446,273,5,2
4444,1447,125,5,2
4444,1448,172,5,2
4444,1449,427,5,2
4444,1450,350,5,2
4444,1451,483,5,2
4444,1452,143,5,2
4444,1453,82,5,2
4444,1454,124,5,2
4444,1455,315,5,2
4444,1456,297,5,2
4444,1457,114,5,2
4444,1458,149,5,2
4444,1459,183,5,2
4444,1460,275,5,2
4444,1461,364,5,2
4444,1462,154,5,2
4444,1463,242,5,2
4444,1464,109,5,2
4444,1465,251,5,2
4444,1466,485,5,2
4444,1467,389,5,2
4444,1468,196,5,2
4444,1469,89,5,2
4444,1470,358,5,2
4444,1471,439,5,2
4444,1472,260,5,2
4444,1473,242,5,2
4444,1474,172,5,2
4444,1475,280,5,2
4444,1476,214,5,2
4444,1477,357,5,2
4444,1478,149,5,2
4444,1479,379,5,2
4444,1480,475,5,2
4444,1481,390,5,2
4444,1482,436,5,2
4444,1483,91,5,2
4444,1484,314,5,2
4444,1485,237,5,2
4444,1486,288,5,2
4444,1487,133,5,2
4444,1488,422,5,2
4444,1489,357,5,2
4444,1490,472,5,2
4444,1491,355,5,2
4444,1492,135,5,2
4444,1493,331,5,2
4444,1494,341,5,2
4444,1495,198,5,2
4444,1496,415,5,2
4444,1497,281,5,2
4444,1498,442,5,2
4444,1499,429,5,2
4444,1500,278,5,2
5555,1001,364,120,39
5555,1002,418,120,39
5555,1003,304,120,39
5555,1004,126,120,39
5555,1005,95,120,39
5555,1006,323,120,39
5555,1007,382,120,39
5555,1008,358,120,39
5555,1009,83,120,39
5555,1010,280,120,39
5555,1011,364,120,39
5555,1012,276,120,39
5555,1013,115,120,39
5555,1014,170,120,39
5555,1015,314,120,39
5555,1016,277,120,39
5555,1017,282,120,39
5555,1018,349,120,39
5555,1019,81,120,39
5555,1020,195,120,39
5555,1021,277,120,39
5555,1022,394,120,39
5555,1023,496,120,39
5555,1024,190,120,39
5555,1025,411,120,39
5555,1026,218,120,39
5555,1027,255,120,39
5555,1028,372,120,39
5555,1029,491,120,39
5555,1030,131,120,39
5555,1031,485,120,39
5555,1032,319,120,39
5555,1033,203,120,39
5555,1034,221,120,39
5555,1035,439,120,39
5555,1036,104,120,39
5555,1037,193,120,39
5555,1038,360,120,39
5555,1039,497,120,39
5555,1040,138,120,39
5555,1041,462,120,39
5555,1042,156,120,39
5555,1043,417,120,39
5555,1044,437,120,39
5555,1045,452,120,39
5555,1046,83,120,39
5555,1047,131,120,39
5555,1048,465,120,39
5555,1049,315,120,39
5555,1050,448,120,39
5555,1051,148,120,39
5555,1052,192,120,39
5555,1053,301,120,39
5555,1054,128,120,39
5555,1055,270,120,39
5555,1056,130,120,39
5555,1057,319,120,39
5555,1058,488,120,39
5555,1059,294,120,39
5555,1060,122,120,39
5555,1061,194,120,39
5555,1062,135,120,39
5555,1063,466,120,39
5555,1064,396,120,39
5555,1065,368,120,39
5555,1066,153,120,39
5555,1067,474,120,39
5555,1068,405,120,39
5555,1069,198,120,39
5555,1070,256,120,39
5555,1071,200,120,39
5555,1072,411,120,39
5555,1073,168,120,39
5555,1074,391,120,39
5555,1075,246,120,39
5555,1076,453,120,39
5555,1077,282,120,39
5555,1078,365,120,39
5555,1079,497,120,39
5555,1080,387,120,39
5555,1081,303,120,39
5555,1082,256,120,39
5555,1083,132,120,39
5555,1084,488,120,39
5555,1085,269,120,39
5555,1086,131,120,39
5555,1087,100,120,39
5555,1088,245,120,39
5555,1089,376,120,39
5555,1090,123,120,39
5555,1091,378,120,39
5555,1092,467,120,39
5555,1093,117,120,39
5555,1094,338,120,39
5555,1095,145,120,39
5555,1096,268,120,39
5555,1097,100,120,39
5555,1098,486,120,39
5555,1099,105,120,39
5555,1100,350,120,39
5555,1101,238,120,39
5555,1102,347,120,39
5555,1103,178,120,39
5555,1104,415,120,39
5555,1105,241,120,39
5555,1106,399,120,39
5555,1107,208,120,39
5555,1108,412,120,39
5555,1109,497,120,39
5555,1110,266,120,39
5555,1111,303,120,39
5555,1112,186,120,39
5555,1113,433,120,39
5555,1114,251,120,39
5555,1115,484,120,39
5555,1116,421,120,39
5555,1117,144,120,39
5555,1118,204,120,39
5555,1119,213,120,39
5555,1120,246,120,39
5555,1121,208,120,39
5555,1122,258,120,39
5555,1123,359,120,39
5555,1124,282,120,39
5555,1125,408,120,39
5555,1126,328,120,39
5555,1127,251,120,39
5555,1128,343,120,39
5555,1129,406,120,39
5555,1130,275,120,39
5555,1131,161,120,39
5555,1132,308,120,39
5555,1133,319,120,39
5555,1134,275,120,39
5555,1135,174,120,39
5555,1136,476,120,39
5555,1137,311,120,39
5555,1138,453,120,39
5555,1139,381,120,39
5555,1140,113,120,39
5555,1141,219,120,39
5555,1142,432,120,39
5555,1143,191,120,39
5555,1144,242,120,39
5555,1145,354,120,39
5555,1146,320,120,39
5555,1147,185,120,39
5555,1148,386,120,39
5555,1149,372,120,39
5555,1150,228,120,39
5555,1151,183,120,39
5555,1152,101,120,39
5555,1153,329,120,39
5555,1154,132,120,39
5555,1155,453,120,39
5555,1156,410,120,39
5555,1157,474,120,39
5555,1158,178,120,39
5555,1159,364,120,39
5555,1160,485,120,39
5555,1161,241,120,39
5555,1162,136,120,39
5555,1163,316,120,39
5555,1164,421,120,39
5555,1165,410,120,39
5555,1166,231,120,39
5555,1167,440,120,39
5555,1168,217,120,39
5555,1169,495,120,39
5555,1170,174,120,39
5555,1171,384,120,39
5555,1172,457,120,39
5555,1173,412,120,39
5555,1174,370,120,39
5555,1175,475,120,39
5555,1176,169,120,39
5555,1177,469,120,39
5555,1178,132,120,39
5555,1179,298,120,39
5555,1180,368,120,39
5555,1181,421,120,39
5555,1182,305,120,39
5555,1183,328,120,39
5555,1184,396,120,39
5555,1185,331,120,39
5555,1186,376,120,39
5555,1187,461,120,39
5555,1188,231,120,39
5555,1189,334,120,39
5555,1190,220,120,39
5555,1191,286,120,39
5555,1192,440,120,39
5555,1193,140,120,39
5555,1194,448,120,39
5555,1195,326,120,39
5555,1196,274,120,39
5555,1197,356,120,39
5555,1198,303,120,39
5555,1199,496,120,39
5555,1200,317,120,39
5555,1201,185,120,39
5555,1202,313,120,39
5555,1203,479,120,39
5555,1204,408,120,39
5555,1205,95,120,39
5555,1206,325,120,39
5555,1207,456,120,39
5555,1208,145,120,39
5555,1209,175,120,39
5555,1210,170,120,39
5555,1211,313,120,39
5555,1212,115,120,39
5555,1213,211,120,39
5555,1214,423,120,39
5555,1215,222,120,39
5555,1216,225,120,39
5555,1217,378,120,39
5555,1218,120,120,39
5555,1219,450,120,39
5555,1220,195,120,39
5555,1221,138,120,39
5555,1222,354,120,39
5555,1223,152,120,39
5555,1224,187,120,39
5555,1225,267,120,39
5555,1226,325,120,39
5555,1227,336,120,39
5555,1228,213,120,39
5555,1229,494,120,39
5555,1230,93,120,39
5555,1231,283,120,39
5555,1232,102,120,39
5555,1233,462,120,39
5555,1234,334,120,39
5555,1235,201,120,39
5555,1236,356,120,39
5555,1237,494,120,39
5555,1238,398,120,39
5555,1239,457,120,39
5555,1240,359,120,39
5555,1241,388,120,39
5555,1242,456,120,39
5555,1243,125,120,39
5555,1244,303,120,39
5555,1245,453,120,39
5555,1246,472,120,39
5555,1247,326,120,39
5555,1248,92,120,39
5555,1249,394,120,39
5555,1250,167,120,39
5555,1251,328,120,39
5555,1252,443,120,39
5555,1253,156,120,39
5555,1254,483,120,39
5555,1255,305,120,39
5555,1256,484,120,39
5555,1257,199,120,39
5555,1258,481,120,39
5555,1259,153,120,39
5555,1260,404,120,39
5555,1261,453,120,39
5555,1262,474,120,39
5555,1263,487,120,39
5555,1264,307,120,39
5555,1265,376,120,39
5555,1266,451,120,39
5555,1267,317,120,39
5555,1268,364,120,39
5555,1269,258,120,39
5555,1270,276,120,39
5555,1271,494,120,39
5555,1272,318,120,39
5555,1273,186,120,39
5555,1274,133,120,39
5555,1275,87,120,39
5555,1276,86,120,39
5555,1277,92,120,39
5555,1278,417,120,39
5555,1279,346,120,39
5555,1280,185,120,39
5555,1281,170,120,39
5555,1282,212,120,39
5555,1283,152,120,39
5555,1284,386,120,39
5555,1285,468,120,39
5555,1286,388,120,39
5555,1287,442,120,39
5555,1288,161,120,39
5555,1289,350,120,39
5555,1290,383,120,39
5555,1291,343,120,39
5555,1292,312,120,39
5555,1293,297,120,39
5555,1294,326,120,39
5555,1295,85,120,39
5555,1296,421,120,39
5555,1297,183,120,39
5555,1298,429,120,39
5555,1299,398,120,39
5555,1300,380,120,39
5555,1301,421,120,39
5555,1302,351,120,39
5555,1303,289,120,39
5555,1304,353,120,39
5555,1305,190,120,39
5555,1306,157,120,39
5555,1307,207,120,39
5555,1308,337,120,39
5555,1309,328,120,39
5555,1310,417,120,39
5555,1311,382,120,39
5555,1312,166,120,39
5555,1313,118,120,39
5555,1314,182,120,39
5555,1315,257,120,39
5555,1316,104,120,39
5555,1317,326,120,39
5555,1318,392,120,39
5555,1319,333,120,39
5555,1320,415,120,39
5555,1321,155,120,39
5555,1322,360,120,39
5555,1323,319,120,39
5555,1324,469,120,39
5555,1325,131,120,39
5555,1326,377,120,39
5555,1327,442,120,39
5555,1328,477,120,39
5555,1329,398,120,39
5555,1330,296,120,39
5555,1331,136,120,39
5555,1332,332,120,39
5555,1333,184,120,39
5555,1334,258,120,39
5555,1335,259,120,39
5555,1336,232,120,39
5555,1337,225,120,39
5555,1338,152,120,39
5555,1339,481,120,39
5555,1340,186,120,39
5555,1341,294,120,39
5555,1342,216,120,39
5555,1343,415,120,39
5555,1344,309,120,39
5555,1345,320,120,39
5555,1346,253,120,39
5555,1347,181,120,39
5555,1348,182,120,39
5555,1349,308,120,39
5555,1350,458,120,39
5555,1351,258,120,39
5555,1352,272,120,39
5555,1353,101,120,39
5555,1354,140,120,39
5555,1355,213,120,39
5555,1356,223,120,39
5555,1357,159,120,39
5555,1358,409,120,39
5555,1359,406,120,39
5555,1360,469,120,39
5555,1361,344,120,39
5555,1362,107,120,39
5555,1363,320,120,39
5555,1364,104,120,39
5555,1365,125,120,39
5555,1366,373,120,39
5555,1367,96,120,39
5555,1368,82,120,39
5555,1369,288,120,39
5555,1370,109,120,39
5555,1371,215,120,39
5555,1372,180,120,39
5555,1373,389,120,39
5555,1374,409,120,39
5555,1375,182,120,39
5555,1376,278,120,39
5555,1377,86,120,39
5555,1378,323,120,39
5555,1379,124,120,39
5555,1380,251,120,39
5555,1381,500,120,39
5555,1382,222,120,39
5555,1383,494,120,39
5555,1384,317,120,39
5555,1385,241,120,39
5555,1386,464,120,39
5555,1387,496,120,39
5555,1388,370,120,39
5555,1389,354,120,39
5555,1390,163,120,39
5555,1391,406,120,39
5555,1392,304,120,39
5555,1393,393,120,39
5555,1394,167,120,39
5555,1395,235,120,39
5555,1396,326,120,39
5555,1397,417,120,39
5555,1398,139,120,39
5555,1399,280,120,39
5555,1400,254,120,39
5555,1401,147,120,39
5555,1402,314,120,39
5555,1403,96,120,39
5555,1404,248,120,39
5555,1405,227,120,39
5555,1406,431,120,39
5555,1407,200,120,39
5555,1408,444,120,39
5555,1409,473,120,39
5555,1410,361,120,39
5555,1411,309,120,39
5555,1412,313,120,39
5555,1413,264,120,39
5555,1414,143,120,39
5555,1415,221,120,39
5555,1416,274,120,39
5555,1417,423,120,39
5555,1418,436,120,39
5555,1419,381,120,39
5555,1420,126,120,39
5555,1421,363,120,39
5555,1422,82,120,39
5555,1423,168,120,39
5555,1424,322,120,39
5555,1425,309,120,39
5555,1426,265,120,39
5555,1427,376,120,39
5555,1428,251,120,39
5555,1429,425,120,39
5555,1430,496,120,39
5555,1431,91,120,39
5555,1432,364,120,39
5555,1433,128,120,39
5555,1434,215,120,39
5555,1435,145,120,39
5555,1436,314,120,39
5555,1437,429,120,39
5555,1438,105,120,39
5555,1439,173,120,39
5555,1440,415,120,39
5555,1441,447,120,39
5555,1442,238,120,39
5555,1443,469,120,39
5555,1444,286,120,39
5555,1445,374,120,39
5555,1446,361,120,39
5555,1447,344,120,39
5555,1448,95,120,39
5555,1449,93,120,39
5555,1450,288,120,39
5555,1451,155,120,39
5555,1452,289,120,39
5555,1453,192,120,39
5555,1454,399,120,39
5555,1455,478,120,39
5555,1456,469,120,39
5555,1457,260,120,39
5555,1458,263,120,39
5555,1459,360,120,39
5555,1460,377,120,39
5555,1461,291,120,39
5555,1462,477,120,39
5555,1463,215,120,39
5555,1464,398,120,39
5555,1465,455,120,39
5555,1466,176,120,39
5555,1467,213,120,39
5555,1468,207,120,39
5555,1469,380,120,39
5555,1470,449,120,39
5555,1471,455,120,39
5555,1472,253,120,39
5555,1473,181,120,39
5555,1474,388,120,39
5555,1475,412,120,39
5555,1476,163,120,39
5555,1477,253,120,39
5555,1478,387,120,39
5555,1479,87,120,39
5555,1480,169,120,39
5555,1481,324,120,39
5555,1482,457,120,39
5555,1483,278,120,39
5555,1484,145,120,39
5555,1485,442,120,39
5555,1486,252,120,39
5555,1487,297,120,39
5555,1488,274,120,39
5555,1489,402,120,39
5555,1490,283,120,39
5555,1491,307,120,39
5555,1492,308,120,39
5555,1493,184,120,39
5555,1494,201,120,39
5555,1495,270,120,39
5555,1496,107,120,39
5555,1497,370,120,39
5555,1498,487,120,39
5555,1499,477,120,39
5555,1500,133,120,39
